Stock Item Key,WWI Stock Item ID,Stock Item,Color,Selling Package,Buying Package,Brand,Size,Lead Time Days,Quantity Per Outer,Is Chiller Stock,Barcode,Tax Rate,Unit Price,Recommended Retail Price,Typical Weight Per Unit,Valid From,Valid To,Lineage Key
0,0,Unknown,,,,,,0,0,0,,0,0,,0,2026-03-18 00:00:00,,0
1,219,Void fill 400 L bag (White) 400L,,Each,Each,,400L,14,10,0,,14,50,74.75,1,2026-03-18 00:00:00,2026-03-18 00:00:00,5
2,218,Void fill 300 L bag (White) 300L,,Each,Each,,300L,14,10,0,,14,37.5,56.06,0.75,2026-03-18 00:00:00,2026-03-18 00:00:00,5
3,217,Void fill 200 L bag (White) 200L,,Each,Each,,200L,14,10,0,,14,25,37.38,0.5,2026-03-18 00:00:00,2026-03-18 00:00:00,5
4,216,Void fill 100 L bag (White) 100L,,Each,Each,,100L,14,10,0,,14,12.5,18.69,0.25,2026-03-18 00:00:00,2026-03-18 00:00:00,5
5,215,Air cushion machine (Blue),,Each,Each,,,20,1,0,,20,1899,2839.01,10,2026-03-18 00:00:00,2026-03-18 00:00:00,5
6,214,Air cushion film 200mmx200mm 325m,,Each,Each,,325m,14,1,0,,14,90,134.55,6,2026-03-18 00:00:00,2026-03-18 00:00:00,5
7,213,Air cushion film 200mmx100mm 325m,,Each,Each,,325m,14,1,0,,14,87,130.07,5,2026-03-18 00:00:00,2026-03-18 00:00:00,5
8,212,Large replacement blades 18mm,,Each,Each,,18mm,14,10,0,,14,4.3,6.43,0.8,2026-03-18 00:00:00,2026-03-18 00:00:00,5
9,211,Small 9mm replacement blades 9mm,,Each,Each,,9mm,14,10,0,,14,4.1,6.13,0.7,2026-03-18 00:00:00,2026-03-18 00:00:00,5
10,210,Packing knife with metal insert blade (Yellow) 18mm,,Each,Each,,18mm,14,5,0,,14,2.4,3.59,0.5,2026-03-18 00:00:00,2026-03-18 00:00:00,5
11,209,Packing knife with metal insert blade (Yellow) 9mm,,Each,Each,,9mm,14,5,0,,14,1.89,2.83,0.5,2026-03-18 00:00:00,2026-03-18 00:00:00,5
12,208,Permanent marker red 5mm nib (Red) 5mm,,Each,Each,,5mm,14,12,0,,14,2.7,4.04,0.1,2026-03-18 00:00:00,2026-03-18 00:00:00,5
13,207,Permanent marker blue 5mm nib (Blue) 5mm,,Each,Each,,5mm,14,12,0,,14,2.7,4.04,0.1,2026-03-18 00:00:00,2026-03-18 00:00:00,5
14,206,Permanent marker black 5mm nib (Black) 5mm,,Each,Each,,5mm,14,12,0,,14,2.7,4.04,0.1,2026-03-18 00:00:00,2026-03-18 00:00:00,5
15,205,Tape dispenser (Blue),,Each,Each,,,20,10,0,,20,32,47.84,1,2026-03-18 00:00:00,2026-03-18 00:00:00,5
16,204,Tape dispenser (Red),,Each,Each,,,20,10,0,,20,32,47.84,1,2026-03-18 00:00:00,2026-03-18 00:00:00,5
17,203,Tape dispenser (Black),,Each,Each,,,20,10,0,,20,32,47.84,1,2026-03-18 00:00:00,2026-03-18 00:00:00,5
18,202,Red and white urgent heavy despatch tape 48mmx100m,,Each,Each,,48mmx100m,14,24,0,,14,4.1,6.13,0.7,2026-03-18 00:00:00,2026-03-18 00:00:00,5
19,201,Red and white urgent despatch tape 48mmx75m,,Each,Each,,48mmx75m,14,24,0,,14,3.7,5.53,0.5,2026-03-18 00:00:00,2026-03-18 00:00:00,5
20,200,Black and yellow heavy despatch tape 48mmx100m,,Each,Each,,48mmx100m,14,24,0,,14,4.1,6.13,0.7,2026-03-18 00:00:00,2026-03-18 00:00:00,5
21,199,Black and yellow heavy despatch tape 48mmx75m,,Each,Each,,48mmx75m,14,24,0,,14,3.7,5.53,0.5,2026-03-18 00:00:00,2026-03-18 00:00:00,5
22,198,Black and orange this way up despatch tape 48mmx100m,,Each,Each,,48mmx100m,14,24,0,,14,4.1,6.13,0.7,2026-03-18 00:00:00,2026-03-18 00:00:00,5
23,197,Black and orange this way up despatch tape 48mmx75m,,Each,Each,,48mmx75m,14,24,0,,14,3.7,5.53,0.5,2026-03-18 00:00:00,2026-03-18 00:00:00,5
24,196,Black and orange handle with care despatch tape 48mmx100m,,Each,Each,,48mmx100m,14,24,0,,14,4.1,6.13,0.7,2026-03-18 00:00:00,2026-03-18 00:00:00,5
25,195,Black and orange handle with care despatch tape 48mmx75m,,Each,Each,,48mmx75m,14,24,0,,14,3.7,5.53,0.5,2026-03-18 00:00:00,2026-03-18 00:00:00,5
26,194,Black and orange glass with care despatch tape 48mmx100m,,Each,Each,,48mmx100m,14,24,0,,14,4.1,6.13,0.7,2026-03-18 00:00:00,2026-03-18 00:00:00,5
27,193,Black and orange glass with care despatch tape 48mmx75m,,Each,Each,,48mmx75m,14,24,0,,14,3.7,5.53,0.5,2026-03-18 00:00:00,2026-03-18 00:00:00,5
28,192,Black and orange fragile despatch tape 48mmx100m,,Each,Each,,48mmx100m,14,36,0,,14,4.1,6.13,0.7,2026-03-18 00:00:00,2026-03-18 00:00:00,5
29,191,Black and orange fragile despatch tape 48mmx75m,,Each,Each,,48mmx75m,14,36,0,,14,3.7,5.53,0.5,2026-03-18 00:00:00,2026-03-18 00:00:00,5
30,190,Clear packaging tape 48mmx100m,,Each,Each,,48mmx100m,14,20,0,,14,3.5,5.23,0.7,2026-03-18 00:00:00,2026-03-18 00:00:00,5
31,189,Clear packaging tape 48mmx75m,,Each,Each,,48mmx75m,14,26,0,,14,2.9,4.34,0.5,2026-03-18 00:00:00,2026-03-18 00:00:00,5
32,188,3 kg Courier post bag (White) 300x190x95mm,,Each,Each,,300x190x95mm,14,25,0,,14,0.66,0.99,0.1,2026-03-18 00:00:00,2026-03-18 00:00:00,5
33,187,Express post box 5kg (White) 350x280x130mm,,Each,Each,,350x280x130mm,14,25,0,,14,0.95,1.42,0.2,2026-03-18 00:00:00,2026-03-18 00:00:00,5
34,186,Shipping carton (Brown) 457x457x457mm,,Each,Each,,457x457x457mm,14,25,0,,14,2.1,3.14,0.4,2026-03-18 00:00:00,2026-03-18 00:00:00,5
35,185,Shipping carton (Brown) 356x356x279mm,,Each,Each,,356x356x279mm,14,25,0,,14,2.04,3.05,0.3,2026-03-18 00:00:00,2026-03-18 00:00:00,5
36,184,Shipping carton (Brown) 305x305x305mm,,Each,Each,,305x305x305mm,14,25,0,,14,3.5,5.23,0.3,2026-03-18 00:00:00,2026-03-18 00:00:00,5
37,183,Shipping carton (Brown) 480x270x320mm,,Each,Each,,480x270x320mm,14,25,0,,14,2.74,4.1,0.4,2026-03-18 00:00:00,2026-03-18 00:00:00,5
38,182,Shipping carton (Brown) 457x279x279mm,,Each,Each,,457x279x279mm,14,25,0,,14,1.28,1.91,0.4,2026-03-18 00:00:00,2026-03-18 00:00:00,5
39,181,Shipping carton (Brown) 356x229x229mm,,Each,Each,,356x229x229mm,14,25,0,,14,1.14,1.7,0.4,2026-03-18 00:00:00,2026-03-18 00:00:00,5
40,180,Shipping carton (Brown) 279x254x217mm,,Each,Each,,279x254x217mm,14,25,0,,14,1.11,1.66,0.3,2026-03-18 00:00:00,2026-03-18 00:00:00,5
41,179,Shipping carton (Brown) 229x229x229mm,,Each,Each,,229x229x229mm,14,25,0,,14,1.05,1.57,0.3,2026-03-18 00:00:00,2026-03-18 00:00:00,5
42,178,Shipping carton (Brown) 500x310x310mm,,Each,Each,,500x310x310mm,14,25,0,,14,2.55,3.81,0.4,2026-03-18 00:00:00,2026-03-18 00:00:00,5
43,177,Shipping carton (Brown) 413x285x187mm,,Each,Each,,413x285x187mm,14,25,0,,14,1.05,1.57,0.3,2026-03-18 00:00:00,2026-03-18 00:00:00,5
44,176,Bubblewrap dispenser (Red) 1.5m,Red,Each,Each,,1.5m,14,1,0,,14,240,358.8,10,2026-03-18 00:00:00,2026-03-18 00:00:00,5
45,175,Bubblewrap dispenser (Blue) 1.5m,Blue,Each,Each,,1.5m,14,1,0,,14,240,358.8,10,2026-03-18 00:00:00,2026-03-18 00:00:00,5
46,174,Bubblewrap dispenser (Black) 1.5m,Black,Each,Each,,1.5m,14,1,0,,14,240,358.8,10,2026-03-18 00:00:00,2026-03-18 00:00:00,5
47,173,32 mm Anti static bubble wrap (Blue) 50m,Blue,Each,Each,,50m,14,10,0,,14,105,156.98,10,2026-03-18 00:00:00,2026-03-18 00:00:00,5
48,172,32 mm Anti static bubble wrap (Blue) 20m,Blue,Each,Each,,20m,14,10,0,,14,48,71.76,6,2026-03-18 00:00:00,2026-03-18 00:00:00,5
49,171,32 mm Anti static bubble wrap (Blue) 10m,Blue,Each,Each,,10m,14,10,0,,14,32,47.84,5,2026-03-18 00:00:00,2026-03-18 00:00:00,5
50,170,20 mm Anti static bubble wrap (Blue) 50m,Blue,Each,Each,,50m,14,10,0,,14,102,152.49,10,2026-03-18 00:00:00,2026-03-18 00:00:00,5
51,169,20 mm Anti static bubble wrap (Blue) 20m,Blue,Each,Each,,20m,14,10,0,,14,45,67.28,6,2026-03-18 00:00:00,2026-03-18 00:00:00,5
52,168,20 mm Anti static bubble wrap (Blue) 10m,Blue,Each,Each,,10m,14,10,0,,14,29,43.36,5,2026-03-18 00:00:00,2026-03-18 00:00:00,5
53,167,10 mm Anti static bubble wrap (Blue) 50m,Blue,Each,Each,,50m,14,10,0,,14,99,148.01,10,2026-03-18 00:00:00,2026-03-18 00:00:00,5
54,166,10 mm Anti static bubble wrap (Blue) 20m,Blue,Each,Each,,20m,14,10,0,,14,42,62.79,6,2026-03-18 00:00:00,2026-03-18 00:00:00,5
55,165,10 mm Anti static bubble wrap (Blue) 10m,Blue,Each,Each,,10m,14,10,0,,14,26,38.87,5,2026-03-18 00:00:00,2026-03-18 00:00:00,5
56,164,32 mm Double sided bubble wrap 50m,,Each,Each,,50m,14,10,0,,14,112,167.44,10,2026-03-18 00:00:00,2026-03-18 00:00:00,5
57,163,32 mm Double sided bubble wrap 20m,,Each,Each,,20m,14,10,0,,14,37,55.32,6,2026-03-18 00:00:00,2026-03-18 00:00:00,5
58,162,32 mm Double sided bubble wrap 10m,,Each,Each,,10m,14,10,0,,14,22,32.89,5,2026-03-18 00:00:00,2026-03-18 00:00:00,5
59,161,20 mm Double sided bubble wrap 50m,,Each,Each,,50m,14,10,0,,14,108,161.46,10,2026-03-18 00:00:00,2026-03-18 00:00:00,5
60,160,20 mm Double sided bubble wrap 20m,,Each,Each,,20m,14,10,0,,14,33,49.34,6,2026-03-18 00:00:00,2026-03-18 00:00:00,5
61,159,20 mm Double sided bubble wrap 10m,,Each,Each,,10m,14,10,0,,14,18,26.91,5,2026-03-18 00:00:00,2026-03-18 00:00:00,5
62,158,10 mm Double sided bubble wrap 50m,,Each,Each,,50m,14,10,0,,14,105,156.98,10,2026-03-18 00:00:00,2026-03-18 00:00:00,5
63,157,10 mm Double sided bubble wrap 20m,,Each,Each,,20m,14,10,0,,14,30,44.85,6,2026-03-18 00:00:00,2026-03-18 00:00:00,5
64,156,10 mm Double sided bubble wrap 10m,,Each,Each,,10m,14,10,0,,14,15,22.43,5,2026-03-18 00:00:00,2026-03-18 00:00:00,5
65,155,Large sized bubblewrap roll 50m,,Each,Each,,50m,14,10,0,,14,24,35.88,10,2026-03-18 00:00:00,2026-03-18 00:00:00,5
66,154,Medium sized bubblewrap roll 20m,,Each,Each,,20m,14,10,0,,14,20,29.9,6,2026-03-18 00:00:00,2026-03-18 00:00:00,5
67,153,Small sized bubblewrap roll 10m,,Each,Each,,10m,14,10,0,,14,4.5,6.73,5,2026-03-18 00:00:00,2026-03-18 00:00:00,5
68,152,Pack of 12 action figures (female),,Packet,Packet,,,2,1,0,,2,16,23.92,0.25,2026-03-18 00:00:00,2026-03-18 00:00:00,5
69,151,Pack of 12 action figures (male),,Packet,Packet,,,2,1,0,,2,16,23.92,0.25,2026-03-18 00:00:00,2026-03-18 00:00:00,5
70,150,Pack of 12 action figures (variety),,Packet,Packet,,,2,1,0,,2,16,23.92,0.25,2026-03-18 00:00:00,2026-03-18 00:00:00,5
71,149,Halloween skull mask (Gray) XL,Gray,Each,Carton,,XL,12,12,0,,12,18,26.91,0.3,2026-03-18 00:00:00,2026-03-18 00:00:00,5
72,148,Halloween skull mask (Gray) L,Gray,Each,Carton,,L,12,12,0,,12,18,26.91,0.3,2026-03-18 00:00:00,2026-03-18 00:00:00,5
73,147,Halloween skull mask (Gray) M,Gray,Each,Carton,,M,12,12,0,,12,18,26.91,0.3,2026-03-18 00:00:00,2026-03-18 00:00:00,5
74,146,Halloween skull mask (Gray) S,Gray,Each,Carton,,S,12,12,0,,12,18,26.91,0.3,2026-03-18 00:00:00,2026-03-18 00:00:00,5
75,145,Halloween zombie mask (Light Brown) XL,Light Brown,Each,Carton,,XL,12,12,0,,12,18,26.91,0.3,2026-03-18 00:00:00,2026-03-18 00:00:00,5
76,144,Halloween zombie mask (Light Brown) L,Light Brown,Each,Carton,,L,12,12,0,,12,18,26.91,0.3,2026-03-18 00:00:00,2026-03-18 00:00:00,5
77,143,Halloween zombie mask (Light Brown) M,Light Brown,Each,Carton,,M,12,12,0,,12,18,26.91,0.3,2026-03-18 00:00:00,2026-03-18 00:00:00,5
78,142,Halloween zombie mask (Light Brown) S,Light Brown,Each,Carton,,S,12,12,0,,12,18,26.91,0.3,2026-03-18 00:00:00,2026-03-18 00:00:00,5
79,141,Furry animal socks (Pink) XL,,Pair,Packet,,XL,12,12,0,,12,5,7.48,0.1,2026-03-18 00:00:00,2026-03-18 00:00:00,5
80,140,Furry animal socks (Pink) L,,Pair,Packet,,L,12,12,0,,12,5,7.48,0.1,2026-03-18 00:00:00,2026-03-18 00:00:00,5
81,139,Furry animal socks (Pink) M,,Pair,Packet,,M,12,12,0,,12,5,7.48,0.1,2026-03-18 00:00:00,2026-03-18 00:00:00,5
82,138,Furry animal socks (Pink) S,,Pair,Packet,,S,12,12,0,,12,5,7.48,0.1,2026-03-18 00:00:00,2026-03-18 00:00:00,5
83,137,Animal with big feet slippers (Brown) XL,,Each,Each,,XL,12,1,0,,12,32,47.84,0.4,2026-03-18 00:00:00,2026-03-18 00:00:00,5
84,136,Animal with big feet slippers (Brown) L,,Each,Each,,L,12,1,0,,12,32,47.84,0.35,2026-03-18 00:00:00,2026-03-18 00:00:00,5
85,135,Animal with big feet slippers (Brown) M,,Each,Each,,M,12,1,0,,12,32,47.84,0.35,2026-03-18 00:00:00,2026-03-18 00:00:00,5
86,134,Animal with big feet slippers (Brown) S,,Each,Each,,S,12,1,0,,12,32,47.84,0.35,2026-03-18 00:00:00,2026-03-18 00:00:00,5
87,133,Furry gorilla with big eyes slippers (Black) XL,Black,Each,Each,,XL,12,1,0,,12,32,47.84,0.4,2026-03-18 00:00:00,2026-03-18 00:00:00,5
88,132,Furry gorilla with big eyes slippers (Black) L,Black,Each,Each,,L,12,1,0,,12,32,47.84,0.35,2026-03-18 00:00:00,2026-03-18 00:00:00,5
89,131,Furry gorilla with big eyes slippers (Black) M,Black,Each,Each,,M,12,1,0,,12,32,47.84,0.35,2026-03-18 00:00:00,2026-03-18 00:00:00,5
90,130,Furry gorilla with big eyes slippers (Black) S,Black,Each,Each,,S,12,1,0,,12,32,47.84,0.35,2026-03-18 00:00:00,2026-03-18 00:00:00,5
91,129,Plush shark slippers (Gray) XL,Gray,Each,Each,,XL,12,1,0,,12,32,47.84,0.4,2026-03-18 00:00:00,2026-03-18 00:00:00,5
92,128,Plush shark slippers (Gray) L,Gray,Each,Each,,L,12,1,0,,12,32,47.84,0.35,2026-03-18 00:00:00,2026-03-18 00:00:00,5
93,127,Plush shark slippers (Gray) M,Gray,Each,Each,,M,12,1,0,,12,32,47.84,0.35,2026-03-18 00:00:00,2026-03-18 00:00:00,5
94,126,Plush shark slippers (Gray) S,Gray,Each,Each,,S,12,1,0,,12,32,47.84,0.35,2026-03-18 00:00:00,2026-03-18 00:00:00,5
95,125,Ogre battery-powered slippers (Green) XL,,Each,Each,,XL,12,1,0,,12,32,47.84,0.4,2026-03-18 00:00:00,2026-03-18 00:00:00,5
96,124,Ogre battery-powered slippers (Green) L,,Each,Each,,L,12,1,0,,12,32,47.84,0.35,2026-03-18 00:00:00,2026-03-18 00:00:00,5
97,123,Ogre battery-powered slippers (Green) M,,Each,Each,,M,12,1,0,,12,32,47.84,0.35,2026-03-18 00:00:00,2026-03-18 00:00:00,5
98,122,Ogre battery-powered slippers (Green) S,,Each,Each,,S,12,1,0,,12,32,47.84,0.35,2026-03-18 00:00:00,2026-03-18 00:00:00,5
99,121,Dinosaur battery-powered slippers (Green) XL,,Each,Each,,XL,12,1,0,,12,32,47.84,0.4,2026-03-18 00:00:00,2026-03-18 00:00:00,5
100,120,Dinosaur battery-powered slippers (Green) L,,Each,Each,,L,12,1,0,,12,32,47.84,0.35,2026-03-18 00:00:00,2026-03-18 00:00:00,5
101,119,Dinosaur battery-powered slippers (Green) M,,Each,Each,,M,12,1,0,,12,32,47.84,0.35,2026-03-18 00:00:00,2026-03-18 00:00:00,5
102,118,Dinosaur battery-powered slippers (Green) S,,Each,Each,,S,12,1,0,,12,32,47.84,0.35,2026-03-18 00:00:00,2026-03-18 00:00:00,5
103,117,Superhero action jacket (Blue) 5XL,Blue,Each,Each,,5XL,12,1,0,,12,34,50.83,0.4,2026-03-18 00:00:00,2026-03-18 00:00:00,5
104,116,Superhero action jacket (Blue) 4XL,Blue,Each,Each,,4XL,12,1,0,,12,34,50.83,0.4,2026-03-18 00:00:00,2026-03-18 00:00:00,5
105,115,Superhero action jacket (Blue) 3XL,Blue,Each,Each,,3XL,12,1,0,,12,34,50.83,0.4,2026-03-18 00:00:00,2026-03-18 00:00:00,5
106,114,Superhero action jacket (Blue) XXL,Blue,Each,Each,,XXL,12,1,0,,12,30,44.85,0.35,2026-03-18 00:00:00,2026-03-18 00:00:00,5
107,113,Superhero action jacket (Blue) XL,Blue,Each,Each,,XL,12,1,0,,12,30,44.85,0.35,2026-03-18 00:00:00,2026-03-18 00:00:00,5
108,112,Superhero action jacket (Blue) L,Blue,Each,Each,,L,12,1,0,,12,30,44.85,0.35,2026-03-18 00:00:00,2026-03-18 00:00:00,5
109,111,Superhero action jacket (Blue) M,Blue,Each,Each,,M,12,1,0,,12,30,44.85,0.35,2026-03-18 00:00:00,2026-03-18 00:00:00,5
110,110,Superhero action jacket (Blue) S,Blue,Each,Each,,S,12,1,0,,12,25,37.38,0.3,2026-03-18 00:00:00,2026-03-18 00:00:00,5
111,109,Superhero action jacket (Blue) XS,Blue,Each,Each,,XS,12,1,0,,12,25,37.38,0.3,2026-03-18 00:00:00,2026-03-18 00:00:00,5
112,108,Superhero action jacket (Blue) XXS,Blue,Each,Each,,XXS,12,1,0,,12,25,37.38,0.3,2026-03-18 00:00:00,2026-03-18 00:00:00,5
113,107,Superhero action jacket (Blue) 3XS,Blue,Each,Each,,3XS,12,1,0,,12,25,37.38,0.3,2026-03-18 00:00:00,2026-03-18 00:00:00,5
114,106,Alien officer hoodie (Black) 5XL,Black,Each,Each,,5XL,12,1,0,,12,35,52.33,0.4,2026-03-18 00:00:00,2026-03-18 00:00:00,5
115,105,Alien officer hoodie (Black) 4XL,Black,Each,Each,,4XL,12,1,0,,12,35,52.33,0.4,2026-03-18 00:00:00,2026-03-18 00:00:00,5
116,104,Alien officer hoodie (Black) 3XL,Black,Each,Each,,3XL,12,1,0,,12,35,52.33,0.4,2026-03-18 00:00:00,2026-03-18 00:00:00,5
117,103,Alien officer hoodie (Black) XXL,Black,Each,Each,,XXL,12,1,0,,12,35,52.33,0.4,2026-03-18 00:00:00,2026-03-18 00:00:00,5
118,102,Alien officer hoodie (Black) XL,Black,Each,Each,,XL,12,1,0,,12,35,52.33,0.4,2026-03-18 00:00:00,2026-03-18 00:00:00,5
119,101,The Gu red shirt XML tag t-shirt (Black) 7XL,Black,Each,Carton,,7XL,7,12,0,,7,18,26.91,0.45,2026-03-18 00:00:00,2026-03-18 00:00:00,5
120,100,The Gu red shirt XML tag t-shirt (Black) 6XL,Black,Each,Carton,,6XL,7,12,0,,7,18,26.91,0.4,2026-03-18 00:00:00,2026-03-18 00:00:00,5
121,99,The Gu red shirt XML tag t-shirt (Black) 5XL,Black,Each,Carton,,5XL,7,12,0,,7,18,26.91,0.4,2026-03-18 00:00:00,2026-03-18 00:00:00,5
122,98,The Gu red shirt XML tag t-shirt (Black) 4XL,Black,Each,Carton,,4XL,7,12,0,,7,18,26.91,0.4,2026-03-18 00:00:00,2026-03-18 00:00:00,5
123,97,The Gu red shirt XML tag t-shirt (Black) 3XL,Black,Each,Carton,,3XL,7,12,0,,7,18,26.91,0.4,2026-03-18 00:00:00,2026-03-18 00:00:00,5
124,96,The Gu red shirt XML tag t-shirt (Black) XXL,Black,Each,Carton,,XXL,7,12,0,,7,18,26.91,0.4,2026-03-18 00:00:00,2026-03-18 00:00:00,5
125,95,The Gu red shirt XML tag t-shirt (Black) XL,Black,Each,Carton,,XL,7,12,0,,7,18,26.91,0.35,2026-03-18 00:00:00,2026-03-18 00:00:00,5
126,94,The Gu red shirt XML tag t-shirt (Black) L,Black,Each,Carton,,L,7,12,0,,7,18,26.91,0.35,2026-03-18 00:00:00,2026-03-18 00:00:00,5
127,93,The Gu red shirt XML tag t-shirt (Black) M,Black,Each,Carton,,M,7,12,0,,7,18,26.91,0.35,2026-03-18 00:00:00,2026-03-18 00:00:00,5
128,92,The Gu red shirt XML tag t-shirt (Black) S,Black,Each,Carton,,S,7,12,0,,7,18,26.91,0.3,2026-03-18 00:00:00,2026-03-18 00:00:00,5
129,91,The Gu red shirt XML tag t-shirt (Black) XS,Black,Each,Carton,,XS,7,12,0,,7,18,26.91,0.25,2026-03-18 00:00:00,2026-03-18 00:00:00,5
130,90,The Gu red shirt XML tag t-shirt (Black) XXS,Black,Each,Carton,,XXS,7,12,0,,7,18,26.91,0.25,2026-03-18 00:00:00,2026-03-18 00:00:00,5
131,89,The Gu red shirt XML tag t-shirt (Black) 3XS,Black,Each,Carton,,3XS,7,12,0,,7,18,26.91,0.25,2026-03-18 00:00:00,2026-03-18 00:00:00,5
132,88,The Gu red shirt XML tag t-shirt (White) 7XL,White,Each,Carton,,7XL,7,12,0,,7,18,26.91,0.45,2026-03-18 00:00:00,2026-03-18 00:00:00,5
133,87,The Gu red shirt XML tag t-shirt (White) 6XL,White,Each,Carton,,6XL,7,12,0,,7,18,26.91,0.4,2026-03-18 00:00:00,2026-03-18 00:00:00,5
134,86,The Gu red shirt XML tag t-shirt (White) 5XL,White,Each,Carton,,5XL,7,12,0,,7,18,26.91,0.4,2026-03-18 00:00:00,2026-03-18 00:00:00,5
135,85,The Gu red shirt XML tag t-shirt (White) 4XL,White,Each,Carton,,4XL,7,12,0,,7,18,26.91,0.4,2026-03-18 00:00:00,2026-03-18 00:00:00,5
136,84,The Gu red shirt XML tag t-shirt (White) 3XL,White,Each,Carton,,3XL,7,12,0,,7,18,26.91,0.4,2026-03-18 00:00:00,2026-03-18 00:00:00,5
137,83,The Gu red shirt XML tag t-shirt (White) XXL,White,Each,Carton,,XXL,7,12,0,,7,18,26.91,0.4,2026-03-18 00:00:00,2026-03-18 00:00:00,5
138,82,The Gu red shirt XML tag t-shirt (White) XL,White,Each,Carton,,XL,7,12,0,,7,18,26.91,0.35,2026-03-18 00:00:00,2026-03-18 00:00:00,5
139,81,The Gu red shirt XML tag t-shirt (White) L,White,Each,Carton,,L,7,12,0,,7,18,26.91,0.35,2026-03-18 00:00:00,2026-03-18 00:00:00,5
140,80,The Gu red shirt XML tag t-shirt (White) M,White,Each,Carton,,M,7,12,0,,7,18,26.91,0.35,2026-03-18 00:00:00,2026-03-18 00:00:00,5
141,79,The Gu red shirt XML tag t-shirt (White) S,White,Each,Carton,,S,7,12,0,,7,18,26.91,0.3,2026-03-18 00:00:00,2026-03-18 00:00:00,5
142,78,The Gu red shirt XML tag t-shirt (White) XS,White,Each,Carton,,XS,7,12,0,,7,18,26.91,0.25,2026-03-18 00:00:00,2026-03-18 00:00:00,5
143,77,The Gu red shirt XML tag t-shirt (White) XXS,White,Each,Carton,,XXS,7,12,0,,7,18,26.91,0.25,2026-03-18 00:00:00,2026-03-18 00:00:00,5
144,76,The Gu red shirt XML tag t-shirt (White) 3XS,White,Each,Carton,,3XS,7,12,0,,7,18,26.91,0.25,2026-03-18 00:00:00,2026-03-18 00:00:00,5
145,75,Ride on big wheel monster truck (Black) 1/12 scale,Black,Each,Each,Northwind,1/12 scale,14,1,0,,14,345,515.78,21,2026-03-18 00:00:00,2026-03-18 00:00:00,5
146,74,Ride on vintage American toy coupe (Black) 1/12 scale,Black,Each,Each,Northwind,1/12 scale,14,1,0,,14,285,426.08,18,2026-03-18 00:00:00,2026-03-18 00:00:00,5
147,73,Ride on vintage American toy coupe (Red) 1/12 scale,Red,Each,Each,Northwind,1/12 scale,14,1,0,,14,285,426.08,18,2026-03-18 00:00:00,2026-03-18 00:00:00,5
148,72,Ride on toy sedan car (Pink) 1/12 scale,,Each,Each,Northwind,1/12 scale,14,1,0,,14,230,343.85,15,2026-03-18 00:00:00,2026-03-18 00:00:00,5
149,71,Ride on toy sedan car (Yellow) 1/12 scale,Yellow,Each,Each,Northwind,1/12 scale,14,1,0,,14,230,343.85,15,2026-03-18 00:00:00,2026-03-18 00:00:00,5
150,70,Ride on toy sedan car (Green) 1/12 scale,,Each,Each,Northwind,1/12 scale,14,1,0,,14,230,343.85,15,2026-03-18 00:00:00,2026-03-18 00:00:00,5
151,69,Ride on toy sedan car (Blue) 1/12 scale,Blue,Each,Each,Northwind,1/12 scale,14,1,0,,14,230,343.85,15,2026-03-18 00:00:00,2026-03-18 00:00:00,5
152,68,Ride on toy sedan car (Red) 1/12 scale,Red,Each,Each,Northwind,1/12 scale,14,1,0,,14,230,343.85,15,2026-03-18 00:00:00,2026-03-18 00:00:00,5
153,67,Ride on toy sedan car (Black) 1/12 scale,Black,Each,Each,Northwind,1/12 scale,14,1,0,,14,230,343.85,15,2026-03-18 00:00:00,2026-03-18 00:00:00,5
154,66,RC big wheel monster truck with remote control (Black) 1/50 scale,Black,Each,Each,Northwind,1/50 scale,14,1,0,,14,45,67.28,1.8,2026-03-18 00:00:00,2026-03-18 00:00:00,5
155,65,RC vintage American toy coupe with remote control (Black) 1/50 scale,Black,Each,Each,Northwind,1/50 scale,14,1,0,,14,30,44.85,1.7,2026-03-18 00:00:00,2026-03-18 00:00:00,5
156,64,RC vintage American toy coupe with remote control (Red) 1/50 scale,Red,Each,Each,Northwind,1/50 scale,14,1,0,,14,30,44.85,1.7,2026-03-18 00:00:00,2026-03-18 00:00:00,5
157,63,RC toy sedan car with remote control (Pink) 1/50 scale,,Each,Each,Northwind,1/50 scale,14,1,0,,14,25,37.38,1.5,2026-03-18 00:00:00,2026-03-18 00:00:00,5
158,62,RC toy sedan car with remote control (Yellow) 1/50 scale,Yellow,Each,Each,Northwind,1/50 scale,14,1,0,,14,25,37.38,1.5,2026-03-18 00:00:00,2026-03-18 00:00:00,5
159,61,RC toy sedan car with remote control (Green) 1/50 scale,,Each,Each,Northwind,1/50 scale,14,1,0,,14,25,37.38,1.5,2026-03-18 00:00:00,2026-03-18 00:00:00,5
160,60,RC toy sedan car with remote control (Blue) 1/50 scale,Blue,Each,Each,Northwind,1/50 scale,14,1,0,,14,25,37.38,1.5,2026-03-18 00:00:00,2026-03-18 00:00:00,5
161,59,RC toy sedan car with remote control (Red) 1/50 scale,Red,Each,Each,Northwind,1/50 scale,14,1,0,,14,25,37.38,1.5,2026-03-18 00:00:00,2026-03-18 00:00:00,5
162,58,RC toy sedan car with remote control (Black) 1/50 scale,Black,Each,Each,Northwind,1/50 scale,14,1,0,,14,25,37.38,1.5,2026-03-18 00:00:00,2026-03-18 00:00:00,5
163,57,IT joke mug - hardware: part of the computer that can be kicked (Black),Black,Each,Each,,,12,1,0,,12,13,19.44,0.15,2026-03-18 00:00:00,2026-03-18 00:00:00,5
164,56,IT joke mug - hardware: part of the computer that can be kicked (White),White,Each,Each,,,12,1,0,,12,13,19.44,0.15,2026-03-18 00:00:00,2026-03-18 00:00:00,5
165,55,IT joke mug - that behavior is by design (Black),Black,Each,Each,,,12,1,0,,12,13,19.44,0.15,2026-03-18 00:00:00,2026-03-18 00:00:00,5
166,54,IT joke mug - that behavior is by design (White),White,Each,Each,,,12,1,0,,12,13,19.44,0.15,2026-03-18 00:00:00,2026-03-18 00:00:00,5
167,53,IT joke mug - keyboard not found … press F1 to continue (Black),Black,Each,Each,,,12,1,0,,12,13,19.44,0.15,2026-03-18 00:00:00,2026-03-18 00:00:00,5
168,52,IT joke mug - keyboard not found … press F1 to continue (White),White,Each,Each,,,12,1,0,,12,13,19.44,0.15,2026-03-18 00:00:00,2026-03-18 00:00:00,5
169,51,Developer joke mug - old C developers never die (Black),Black,Each,Each,,,12,1,0,,12,13,19.44,0.15,2026-03-18 00:00:00,2026-03-18 00:00:00,5
170,50,Developer joke mug - old C developers never die (White),White,Each,Each,,,12,1,0,,12,13,19.44,0.15,2026-03-18 00:00:00,2026-03-18 00:00:00,5
171,49,Developer joke mug - this code was generated by a tool (Black),Black,Each,Each,,,12,1,0,,12,13,19.44,0.15,2026-03-18 00:00:00,2026-03-18 00:00:00,5
172,48,Developer joke mug - this code was generated by a tool (White),White,Each,Each,,,12,1,0,,12,13,19.44,0.15,2026-03-18 00:00:00,2026-03-18 00:00:00,5
173,47,Developer joke mug - a foo walks into a bar (Black),Black,Each,Each,,,12,1,0,,12,13,19.44,0.15,2026-03-18 00:00:00,2026-03-18 00:00:00,5
174,46,Developer joke mug - a foo walks into a bar (White),White,Each,Each,,,12,1,0,,12,13,19.44,0.15,2026-03-18 00:00:00,2026-03-18 00:00:00,5
175,45,Developer joke mug - there are 10 types of people in the world (Black),Black,Each,Each,,,12,1,0,,12,13,19.44,0.15,2026-03-18 00:00:00,2026-03-18 00:00:00,5
176,44,Developer joke mug - there are 10 types of people in the world (White),White,Each,Each,,,12,1,0,,12,13,19.44,0.15,2026-03-18 00:00:00,2026-03-18 00:00:00,5
177,43,Developer joke mug - understanding recursion requires understanding recursion (Black),Black,Each,Each,,,12,1,0,,12,13,19.44,0.15,2026-03-18 00:00:00,2026-03-18 00:00:00,5
178,42,Developer joke mug - understanding recursion requires understanding recursion (White),White,Each,Each,,,12,1,0,,12,13,19.44,0.15,2026-03-18 00:00:00,2026-03-18 00:00:00,5
179,41,"Developer joke mug - (hip, hip, array) (Black)",Black,Each,Each,,,12,1,0,,12,13,19.44,0.15,2026-03-18 00:00:00,2026-03-18 00:00:00,5
180,40,"Developer joke mug - (hip, hip, array) (White)",White,Each,Each,,,12,1,0,,12,13,19.44,0.15,2026-03-18 00:00:00,2026-03-18 00:00:00,5
181,39,Developer joke mug - inheritance is the OO way to become wealthy (Black),Black,Each,Each,,,12,1,0,,12,13,19.44,0.15,2026-03-18 00:00:00,2026-03-18 00:00:00,5
182,38,Developer joke mug - inheritance is the OO way to become wealthy (White),White,Each,Each,,,12,1,0,,12,13,19.44,0.15,2026-03-18 00:00:00,2026-03-18 00:00:00,5
183,37,Developer joke mug - when your hammer is C++ (Black),Black,Each,Each,,,12,1,0,,12,13,19.44,0.15,2026-03-18 00:00:00,2026-03-18 00:00:00,5
184,36,Developer joke mug - when your hammer is C++ (White),White,Each,Each,,,12,1,0,,12,13,19.44,0.15,2026-03-18 00:00:00,2026-03-18 00:00:00,5
185,35,Developer joke mug - fun was unexpected at this time (Black),Black,Each,Each,,,12,1,0,,12,13,19.44,0.15,2026-03-18 00:00:00,2026-03-18 00:00:00,5
186,34,Developer joke mug - fun was unexpected at this time (White),White,Each,Each,,,12,1,0,,12,13,19.44,0.15,2026-03-18 00:00:00,2026-03-18 00:00:00,5
187,33,Developer joke mug - that's a hardware problem (Black),Black,Each,Each,,,12,1,0,,12,13,19.44,0.15,2026-03-18 00:00:00,2026-03-18 00:00:00,5
188,32,Developer joke mug - that's a hardware problem (White),White,Each,Each,,,12,1,0,,12,13,19.44,0.15,2026-03-18 00:00:00,2026-03-18 00:00:00,5
189,31,Developer joke mug - Oct 31 = Dec 25 (Black),Black,Each,Each,,,12,1,0,,12,13,19.44,0.15,2026-03-18 00:00:00,2026-03-18 00:00:00,5
190,30,Developer joke mug - Oct 31 = Dec 25 (White),White,Each,Each,,,12,1,0,,12,13,19.44,0.15,2026-03-18 00:00:00,2026-03-18 00:00:00,5
191,29,DBA joke mug - two types of DBAs (Black),Black,Each,Each,,,12,1,0,,12,13,19.44,0.15,2026-03-18 00:00:00,2026-03-18 00:00:00,5
192,28,DBA joke mug - two types of DBAs (White),White,Each,Each,,,12,1,0,,12,13,19.44,0.15,2026-03-18 00:00:00,2026-03-18 00:00:00,5
193,27,DBA joke mug - SELECT caffeine FROM mug (Black),Black,Each,Each,,,12,1,0,,12,13,19.44,0.15,2026-03-18 00:00:00,2026-03-18 00:00:00,5
194,26,DBA joke mug - SELECT caffeine FROM mug (White),White,Each,Each,,,12,1,0,,12,13,19.44,0.15,2026-03-18 00:00:00,2026-03-18 00:00:00,5
195,25,DBA joke mug - I will get you in order (Black),Black,Each,Each,,,12,1,0,,12,13,19.44,0.15,2026-03-18 00:00:00,2026-03-18 00:00:00,5
196,24,DBA joke mug - I will get you in order (White),White,Each,Each,,,12,1,0,,12,13,19.44,0.15,2026-03-18 00:00:00,2026-03-18 00:00:00,5
197,23,DBA joke mug - it depends (Black),Black,Each,Each,,,12,1,0,,12,13,19.44,0.15,2026-03-18 00:00:00,2026-03-18 00:00:00,5
198,22,DBA joke mug - it depends (White),White,Each,Each,,,12,1,0,,12,13,19.44,0.15,2026-03-18 00:00:00,2026-03-18 00:00:00,5
199,21,DBA joke mug - you might be a DBA if (Black),Black,Each,Each,,,12,1,0,,12,13,19.44,0.15,2026-03-18 00:00:00,2026-03-18 00:00:00,5
200,20,DBA joke mug - you might be a DBA if (White),White,Each,Each,,,12,1,0,,12,13,19.44,0.15,2026-03-18 00:00:00,2026-03-18 00:00:00,5
201,19,DBA joke mug - daaaaaa-ta (Black),Black,Each,Each,,,12,1,0,,12,13,19.44,0.15,2026-03-18 00:00:00,2026-03-18 00:00:00,5
202,18,DBA joke mug - daaaaaa-ta (White),White,Each,Each,,,12,1,0,,12,13,19.44,0.15,2026-03-18 00:00:00,2026-03-18 00:00:00,5
203,17,DBA joke mug - mind if I join you? (Black),Black,Each,Each,,,12,1,0,,12,13,19.44,0.15,2026-03-18 00:00:00,2026-03-18 00:00:00,5
204,16,DBA joke mug - mind if I join you? (White),White,Each,Each,,,12,1,0,,12,13,19.44,0.15,2026-03-18 00:00:00,2026-03-18 00:00:00,5
205,15,USB food flash drive - dessert 10 drive variety pack,,Packet,Packet,,,14,1,0,,14,240,358.8,0.5,2026-03-18 00:00:00,2026-03-18 00:00:00,5
206,14,USB food flash drive - fortune cookie,,Each,Each,,,14,1,0,,14,32,47.84,0.05,2026-03-18 00:00:00,2026-03-18 00:00:00,5
207,13,USB food flash drive - shrimp cocktail,,Each,Each,,,14,1,0,,14,32,47.84,0.05,2026-03-18 00:00:00,2026-03-18 00:00:00,5
208,12,USB food flash drive - donut,,Each,Each,,,14,1,0,,14,32,47.84,0.05,2026-03-18 00:00:00,2026-03-18 00:00:00,5
209,11,USB food flash drive - cookie,,Each,Each,,,14,1,0,,14,32,47.84,0.05,2026-03-18 00:00:00,2026-03-18 00:00:00,5
210,10,USB food flash drive - chocolate bar,,Each,Each,,,14,1,0,,14,32,47.84,0.05,2026-03-18 00:00:00,2026-03-18 00:00:00,5
211,9,USB food flash drive - banana,,Each,Each,,,14,1,0,,14,32,47.84,0.05,2026-03-18 00:00:00,2026-03-18 00:00:00,5
212,8,USB food flash drive - dim sum 10 drive variety pack,,Packet,Packet,,,14,1,0,,14,240,358.8,0.5,2026-03-18 00:00:00,2026-03-18 00:00:00,5
213,7,USB food flash drive - pizza slice,,Each,Each,,,14,1,0,,14,32,47.84,0.05,2026-03-18 00:00:00,2026-03-18 00:00:00,5
214,6,USB food flash drive - hot dog,,Each,Each,,,14,1,0,,14,32,47.84,0.05,2026-03-18 00:00:00,2026-03-18 00:00:00,5
215,5,USB food flash drive - hamburger,,Each,Each,,,14,1,0,,14,32,47.84,0.05,2026-03-18 00:00:00,2026-03-18 00:00:00,5
216,4,USB food flash drive - sushi roll,,Each,Each,,,14,1,0,,14,32,47.84,0.05,2026-03-18 00:00:00,2026-03-18 00:00:00,5
217,3,Office cube periscope (Black),Black,Each,Carton,,,14,10,0,,14,18.5,27.66,0.25,2026-03-18 00:00:00,2026-03-18 00:00:00,5
218,2,USB rocket launcher (Gray),Gray,Each,Each,,,14,1,0,,14,25,37.38,0.3,2026-03-18 00:00:00,2026-03-18 00:00:00,5
219,1,USB missile launcher (Green),,Each,Each,,,14,1,0,,14,25,37.38,0.3,2026-03-18 00:00:00,2026-03-18 00:00:00,5
220,221,Novelty chilli chocolates 500g,,Bag,Carton,,500g,3,12,1,8.30E+12,3,14.5,20.74,0.5,2026-03-18 00:00:00,2026-03-18 00:00:00,5
221,220,Novelty chilli chocolates 250g,,Bag,Carton,,250g,3,24,1,8.30E+12,3,8.55,12.23,0.25,2026-03-18 00:00:00,2026-03-18 00:00:00,5
222,223,Chocolate echidnas 250g,,Bag,Carton,,250g,3,24,1,8.79E+12,3,8.55,12.23,0.25,2026-03-18 00:00:00,2026-03-18 00:00:00,5
223,222,Chocolate beetles 250g,,Bag,Carton,,250g,3,24,1,8.79E+12,3,8.55,12.23,0.25,2026-03-18 00:00:00,2026-03-18 00:00:00,5
224,225,Chocolate sharks 250g,,Bag,Carton,,250g,3,24,1,8.79E+12,3,8.55,12.23,0.25,2026-03-18 00:00:00,2026-03-18 00:00:00,5
225,224,Chocolate frogs 250g,,Bag,Carton,,250g,3,24,1,8.79E+12,3,8.55,12.23,0.25,2026-03-18 00:00:00,2026-03-18 00:00:00,5
226,227,White chocolate moon rocks 250g,,Bag,Carton,,250g,3,24,1,8.79E+12,3,8.55,12.23,0.25,2026-03-18 00:00:00,2026-03-18 00:00:00,5
227,226,White chocolate snow balls 250g,,Bag,Carton,,250g,3,24,1,8.79E+12,3,8.55,12.23,0.25,2026-03-18 00:00:00,2026-03-18 00:00:00,5
228,66,RC big wheel monster truck with remote control (Black) 1/50 scale,Black,Each,Each,Northwind,1/50 scale,14,1,0,,14,45,67.28,1.8,2026-03-18 00:00:00,2026-03-18 01:00:00,5
229,65,RC vintage American toy coupe with remote control (Black) 1/50 scale,Black,Each,Each,Northwind,1/50 scale,14,1,0,,14,30,44.85,1.7,2026-03-18 00:00:00,2026-03-18 01:00:00,5
230,64,RC vintage American toy coupe with remote control (Red) 1/50 scale,Red,Each,Each,Northwind,1/50 scale,14,1,0,,14,30,44.85,1.7,2026-03-18 00:00:00,2026-03-18 01:00:00,5
231,63,RC toy sedan car with remote control (Pink) 1/50 scale,,Each,Each,Northwind,1/50 scale,14,1,0,,14,25,37.38,1.5,2026-03-18 00:00:00,2026-03-18 01:00:00,5
232,62,RC toy sedan car with remote control (Yellow) 1/50 scale,Yellow,Each,Each,Northwind,1/50 scale,14,1,0,,14,25,37.38,1.5,2026-03-18 00:00:00,2026-03-18 01:00:00,5
233,61,RC toy sedan car with remote control (Green) 1/50 scale,,Each,Each,Northwind,1/50 scale,14,1,0,,14,25,37.38,1.5,2026-03-18 00:00:00,2026-03-18 01:00:00,5
234,60,RC toy sedan car with remote control (Blue) 1/50 scale,Blue,Each,Each,Northwind,1/50 scale,14,1,0,,14,25,37.38,1.5,2026-03-18 00:00:00,2026-03-18 01:00:00,5
235,59,RC toy sedan car with remote control (Red) 1/50 scale,Red,Each,Each,Northwind,1/50 scale,14,1,0,,14,25,37.38,1.5,2026-03-18 00:00:00,2026-03-18 01:00:00,5
236,58,RC toy sedan car with remote control (Black) 1/50 scale,Black,Each,Each,Northwind,1/50 scale,14,1,0,,14,25,37.38,1.5,2026-03-18 00:00:00,2026-03-18 01:00:00,5
237,15,USB food flash drive - dessert 10 drive variety pack,,Packet,Packet,,,14,1,0,,14,240,358.8,0.5,2026-03-18 00:00:00,2026-03-18 09:00:00,5
238,14,USB food flash drive - fortune cookie,,Each,Each,,,14,1,0,,14,32,47.84,0.05,2026-03-18 00:00:00,2026-03-18 09:00:00,5
239,13,USB food flash drive - shrimp cocktail,,Each,Each,,,14,1,0,,14,32,47.84,0.05,2026-03-18 00:00:00,2026-03-18 09:00:00,5
240,12,USB food flash drive - donut,,Each,Each,,,14,1,0,,14,32,47.84,0.05,2026-03-18 00:00:00,2026-03-18 09:00:00,5
241,11,USB food flash drive - cookie,,Each,Each,,,14,1,0,,14,32,47.84,0.05,2026-03-18 00:00:00,2026-03-18 09:00:00,5
242,10,USB food flash drive - chocolate bar,,Each,Each,,,14,1,0,,14,32,47.84,0.05,2026-03-18 00:00:00,2026-03-18 09:00:00,5
243,9,USB food flash drive - banana,,Each,Each,,,14,1,0,,14,32,47.84,0.05,2026-03-18 00:00:00,2026-03-18 09:00:00,5
244,8,USB food flash drive - dim sum 10 drive variety pack,,Packet,Packet,,,14,1,0,,14,240,358.8,0.5,2026-03-18 00:00:00,2026-03-18 09:00:00,5
245,7,USB food flash drive - pizza slice,,Each,Each,,,14,1,0,,14,32,47.84,0.05,2026-03-18 00:00:00,2026-03-18 09:00:00,5
246,6,USB food flash drive - hot dog,,Each,Each,,,14,1,0,,14,32,47.84,0.05,2026-03-18 00:00:00,2026-03-18 09:00:00,5
247,5,USB food flash drive - hamburger,,Each,Each,,,14,1,0,,14,32,47.84,0.05,2026-03-18 00:00:00,2026-03-18 09:00:00,5
248,4,USB food flash drive - sushi roll,,Each,Each,,,14,1,0,,14,32,47.84,0.05,2026-03-18 00:00:00,2026-03-18 09:00:00,5
249,57,IT joke mug - hardware: part of the computer that can be kicked (Black),Black,Each,Each,,,12,1,0,,12,13,19.44,0.15,2026-03-18 00:00:00,2026-03-18 10:00:00,5
250,56,IT joke mug - hardware: part of the computer that can be kicked (White),White,Each,Each,,,12,1,0,,12,13,19.44,0.15,2026-03-18 00:00:00,2026-03-18 10:00:00,5
251,55,IT joke mug - that behavior is by design (Black),Black,Each,Each,,,12,1,0,,12,13,19.44,0.15,2026-03-18 00:00:00,2026-03-18 10:00:00,5
252,54,IT joke mug - that behavior is by design (White),White,Each,Each,,,12,1,0,,12,13,19.44,0.15,2026-03-18 00:00:00,2026-03-18 10:00:00,5
253,53,IT joke mug - keyboard not found … press F1 to continue (Black),Black,Each,Each,,,12,1,0,,12,13,19.44,0.15,2026-03-18 00:00:00,2026-03-18 10:00:00,5
254,52,IT joke mug - keyboard not found … press F1 to continue (White),White,Each,Each,,,12,1,0,,12,13,19.44,0.15,2026-03-18 00:00:00,2026-03-18 10:00:00,5
255,51,Developer joke mug - old C developers never die (Black),Black,Each,Each,,,12,1,0,,12,13,19.44,0.15,2026-03-18 00:00:00,2026-03-18 10:00:00,5
256,50,Developer joke mug - old C developers never die (White),White,Each,Each,,,12,1,0,,12,13,19.44,0.15,2026-03-18 00:00:00,2026-03-18 10:00:00,5
257,49,Developer joke mug - this code was generated by a tool (Black),Black,Each,Each,,,12,1,0,,12,13,19.44,0.15,2026-03-18 00:00:00,2026-03-18 10:00:00,5
258,48,Developer joke mug - this code was generated by a tool (White),White,Each,Each,,,12,1,0,,12,13,19.44,0.15,2026-03-18 00:00:00,2026-03-18 10:00:00,5
259,47,Developer joke mug - a foo walks into a bar (Black),Black,Each,Each,,,12,1,0,,12,13,19.44,0.15,2026-03-18 00:00:00,2026-03-18 10:00:00,5
260,46,Developer joke mug - a foo walks into a bar (White),White,Each,Each,,,12,1,0,,12,13,19.44,0.15,2026-03-18 00:00:00,2026-03-18 10:00:00,5
261,45,Developer joke mug - there are 10 types of people in the world (Black),Black,Each,Each,,,12,1,0,,12,13,19.44,0.15,2026-03-18 00:00:00,2026-03-18 10:00:00,5
262,44,Developer joke mug - there are 10 types of people in the world (White),White,Each,Each,,,12,1,0,,12,13,19.44,0.15,2026-03-18 00:00:00,2026-03-18 10:00:00,5
263,43,Developer joke mug - understanding recursion requires understanding recursion (Black),Black,Each,Each,,,12,1,0,,12,13,19.44,0.15,2026-03-18 00:00:00,2026-03-18 10:00:00,5
264,42,Developer joke mug - understanding recursion requires understanding recursion (White),White,Each,Each,,,12,1,0,,12,13,19.44,0.15,2026-03-18 00:00:00,2026-03-18 10:00:00,5
265,41,"Developer joke mug - (hip, hip, array) (Black)",Black,Each,Each,,,12,1,0,,12,13,19.44,0.15,2026-03-18 00:00:00,2026-03-18 10:00:00,5
266,40,"Developer joke mug - (hip, hip, array) (White)",White,Each,Each,,,12,1,0,,12,13,19.44,0.15,2026-03-18 00:00:00,2026-03-18 10:00:00,5
267,39,Developer joke mug - inheritance is the OO way to become wealthy (Black),Black,Each,Each,,,12,1,0,,12,13,19.44,0.15,2026-03-18 00:00:00,2026-03-18 10:00:00,5
268,38,Developer joke mug - inheritance is the OO way to become wealthy (White),White,Each,Each,,,12,1,0,,12,13,19.44,0.15,2026-03-18 00:00:00,2026-03-18 10:00:00,5
269,37,Developer joke mug - when your hammer is C++ (Black),Black,Each,Each,,,12,1,0,,12,13,19.44,0.15,2026-03-18 00:00:00,2026-03-18 10:00:00,5
270,36,Developer joke mug - when your hammer is C++ (White),White,Each,Each,,,12,1,0,,12,13,19.44,0.15,2026-03-18 00:00:00,2026-03-18 10:00:00,5
271,35,Developer joke mug - fun was unexpected at this time (Black),Black,Each,Each,,,12,1,0,,12,13,19.44,0.15,2026-03-18 00:00:00,2026-03-18 10:00:00,5
272,34,Developer joke mug - fun was unexpected at this time (White),White,Each,Each,,,12,1,0,,12,13,19.44,0.15,2026-03-18 00:00:00,2026-03-18 10:00:00,5
273,33,Developer joke mug - that's a hardware problem (Black),Black,Each,Each,,,12,1,0,,12,13,19.44,0.15,2026-03-18 00:00:00,2026-03-18 10:00:00,5
274,32,Developer joke mug - that's a hardware problem (White),White,Each,Each,,,12,1,0,,12,13,19.44,0.15,2026-03-18 00:00:00,2026-03-18 10:00:00,5
275,31,Developer joke mug - Oct 31 = Dec 25 (Black),Black,Each,Each,,,12,1,0,,12,13,19.44,0.15,2026-03-18 00:00:00,2026-03-18 10:00:00,5
276,30,Developer joke mug - Oct 31 = Dec 25 (White),White,Each,Each,,,12,1,0,,12,13,19.44,0.15,2026-03-18 00:00:00,2026-03-18 10:00:00,5
277,29,DBA joke mug - two types of DBAs (Black),Black,Each,Each,,,12,1,0,,12,13,19.44,0.15,2026-03-18 00:00:00,2026-03-18 10:00:00,5
278,28,DBA joke mug - two types of DBAs (White),White,Each,Each,,,12,1,0,,12,13,19.44,0.15,2026-03-18 00:00:00,2026-03-18 10:00:00,5
279,27,DBA joke mug - SELECT caffeine FROM mug (Black),Black,Each,Each,,,12,1,0,,12,13,19.44,0.15,2026-03-18 00:00:00,2026-03-18 10:00:00,5
280,26,DBA joke mug - SELECT caffeine FROM mug (White),White,Each,Each,,,12,1,0,,12,13,19.44,0.15,2026-03-18 00:00:00,2026-03-18 10:00:00,5
281,25,DBA joke mug - I will get you in order (Black),Black,Each,Each,,,12,1,0,,12,13,19.44,0.15,2026-03-18 00:00:00,2026-03-18 10:00:00,5
282,24,DBA joke mug - I will get you in order (White),White,Each,Each,,,12,1,0,,12,13,19.44,0.15,2026-03-18 00:00:00,2026-03-18 10:00:00,5
283,23,DBA joke mug - it depends (Black),Black,Each,Each,,,12,1,0,,12,13,19.44,0.15,2026-03-18 00:00:00,2026-03-18 10:00:00,5
284,22,DBA joke mug - it depends (White),White,Each,Each,,,12,1,0,,12,13,19.44,0.15,2026-03-18 00:00:00,2026-03-18 10:00:00,5
285,21,DBA joke mug - you might be a DBA if (Black),Black,Each,Each,,,12,1,0,,12,13,19.44,0.15,2026-03-18 00:00:00,2026-03-18 10:00:00,5
286,20,DBA joke mug - you might be a DBA if (White),White,Each,Each,,,12,1,0,,12,13,19.44,0.15,2026-03-18 00:00:00,2026-03-18 10:00:00,5
287,19,DBA joke mug - daaaaaa-ta (Black),Black,Each,Each,,,12,1,0,,12,13,19.44,0.15,2026-03-18 00:00:00,2026-03-18 10:00:00,5
288,18,DBA joke mug - daaaaaa-ta (White),White,Each,Each,,,12,1,0,,12,13,19.44,0.15,2026-03-18 00:00:00,2026-03-18 10:00:00,5
289,17,DBA joke mug - mind if I join you? (Black),Black,Each,Each,,,12,1,0,,12,13,19.44,0.15,2026-03-18 00:00:00,2026-03-18 10:00:00,5
290,16,DBA joke mug - mind if I join you? (White),White,Each,Each,,,12,1,0,,12,13,19.44,0.15,2026-03-18 00:00:00,2026-03-18 10:00:00,5
291,2,USB rocket launcher (Gray),Steel Gray,Each,Each,,,14,1,0,,14,25,37.38,0.3,2026-03-18 00:00:00,2026-03-18 11:00:00,5
292,1,USB missile launcher (Green),,Each,Each,,,14,1,0,,14,25,37.38,0.3,2026-03-18 00:00:00,2026-03-18 11:00:00,5
293,219,Void fill 400 L bag (White) 400L,,Each,Each,,400L,14,10,0,,14,50,74.75,1,2026-03-18 00:00:00,2026-03-18 12:00:00,5
294,218,Void fill 300 L bag (White) 300L,,Each,Each,,300L,14,10,0,,14,37.5,56.06,0.75,2026-03-18 00:00:00,2026-03-18 12:00:00,5
295,217,Void fill 200 L bag (White) 200L,,Each,Each,,200L,14,10,0,,14,25,37.38,0.5,2026-03-18 00:00:00,2026-03-18 12:00:00,5
296,216,Void fill 100 L bag (White) 100L,,Each,Each,,100L,14,10,0,,14,12.5,18.69,0.25,2026-03-18 00:00:00,2026-03-18 12:00:00,5
297,215,Air cushion machine (Blue),,Each,Each,,,20,1,0,,20,1899,2839.01,10,2026-03-18 00:00:00,2026-03-18 12:00:00,5
298,214,Air cushion film 200mmx200mm 325m,,Each,Each,,325m,14,1,0,,14,90,134.55,6,2026-03-18 00:00:00,2026-03-18 12:00:00,5
299,213,Air cushion film 200mmx100mm 325m,,Each,Each,,325m,14,1,0,,14,87,130.07,5,2026-03-18 00:00:00,2026-03-18 12:00:00,5
300,212,Large replacement blades 18mm,,Each,Each,,18mm,14,10,0,,14,4.3,6.43,0.8,2026-03-18 00:00:00,2026-03-18 12:00:00,5
301,211,Small 9mm replacement blades 9mm,,Each,Each,,9mm,14,10,0,,14,4.1,6.13,0.7,2026-03-18 00:00:00,2026-03-18 12:00:00,5
302,210,Packing knife with metal insert blade (Yellow) 18mm,,Each,Each,,18mm,14,5,0,,14,2.4,3.59,0.5,2026-03-18 00:00:00,2026-03-18 12:00:00,5
303,209,Packing knife with metal insert blade (Yellow) 9mm,,Each,Each,,9mm,14,5,0,,14,1.89,2.83,0.5,2026-03-18 00:00:00,2026-03-18 12:00:00,5
304,208,Permanent marker red 5mm nib (Red) 5mm,,Each,Each,,5mm,14,12,0,,14,2.7,4.04,0.1,2026-03-18 00:00:00,2026-03-18 12:00:00,5
305,207,Permanent marker blue 5mm nib (Blue) 5mm,,Each,Each,,5mm,14,12,0,,14,2.7,4.04,0.1,2026-03-18 00:00:00,2026-03-18 12:00:00,5
306,206,Permanent marker black 5mm nib (Black) 5mm,,Each,Each,,5mm,14,12,0,,14,2.7,4.04,0.1,2026-03-18 00:00:00,2026-03-18 12:00:00,5
307,205,Tape dispenser (Blue),,Each,Each,,,20,10,0,,20,32,47.84,1,2026-03-18 00:00:00,2026-03-18 12:00:00,5
308,204,Tape dispenser (Red),,Each,Each,,,20,10,0,,20,32,47.84,1,2026-03-18 00:00:00,2026-03-18 12:00:00,5
309,203,Tape dispenser (Black),,Each,Each,,,20,10,0,,20,32,47.84,1,2026-03-18 00:00:00,2026-03-18 12:00:00,5
310,202,Red and white urgent heavy despatch tape 48mmx100m,,Each,Each,,48mmx100m,14,24,0,,14,4.1,6.13,0.7,2026-03-18 00:00:00,2026-03-18 12:00:00,5
311,201,Red and white urgent despatch tape 48mmx75m,,Each,Each,,48mmx75m,14,24,0,,14,3.7,5.53,0.5,2026-03-18 00:00:00,2026-03-18 12:00:00,5
312,200,Black and yellow heavy despatch tape 48mmx100m,,Each,Each,,48mmx100m,14,24,0,,14,4.1,6.13,0.7,2026-03-18 00:00:00,2026-03-18 12:00:00,5
313,199,Black and yellow heavy despatch tape 48mmx75m,,Each,Each,,48mmx75m,14,24,0,,14,3.7,5.53,0.5,2026-03-18 00:00:00,2026-03-18 12:00:00,5
314,198,Black and orange this way up despatch tape 48mmx100m,,Each,Each,,48mmx100m,14,24,0,,14,4.1,6.13,0.7,2026-03-18 00:00:00,2026-03-18 12:00:00,5
315,197,Black and orange this way up despatch tape 48mmx75m,,Each,Each,,48mmx75m,14,24,0,,14,3.7,5.53,0.5,2026-03-18 00:00:00,2026-03-18 12:00:00,5
316,196,Black and orange handle with care despatch tape 48mmx100m,,Each,Each,,48mmx100m,14,24,0,,14,4.1,6.13,0.7,2026-03-18 00:00:00,2026-03-18 12:00:00,5
317,195,Black and orange handle with care despatch tape 48mmx75m,,Each,Each,,48mmx75m,14,24,0,,14,3.7,5.53,0.5,2026-03-18 00:00:00,2026-03-18 12:00:00,5
318,194,Black and orange glass with care despatch tape 48mmx100m,,Each,Each,,48mmx100m,14,24,0,,14,4.1,6.13,0.7,2026-03-18 00:00:00,2026-03-18 12:00:00,5
319,193,Black and orange glass with care despatch tape 48mmx75m,,Each,Each,,48mmx75m,14,24,0,,14,3.7,5.53,0.5,2026-03-18 00:00:00,2026-03-18 12:00:00,5
320,192,Black and orange fragile despatch tape 48mmx100m,,Each,Each,,48mmx100m,14,36,0,,14,4.1,6.13,0.7,2026-03-18 00:00:00,2026-03-18 12:00:00,5
321,191,Black and orange fragile despatch tape 48mmx75m,,Each,Each,,48mmx75m,14,36,0,,14,3.7,5.53,0.5,2026-03-18 00:00:00,2026-03-18 12:00:00,5
322,190,Clear packaging tape 48mmx100m,,Each,Each,,48mmx100m,14,20,0,,14,3.5,5.23,0.7,2026-03-18 00:00:00,2026-03-18 12:00:00,5
323,189,Clear packaging tape 48mmx75m,,Each,Each,,48mmx75m,14,26,0,,14,2.9,4.34,0.5,2026-03-18 00:00:00,2026-03-18 12:00:00,5
324,188,3 kg Courier post bag (White) 300x190x95mm,,Each,Each,,300x190x95mm,14,25,0,,14,0.66,0.99,0.1,2026-03-18 00:00:00,2026-03-18 12:00:00,5
325,187,Express post box 5kg (White) 350x280x130mm,,Each,Each,,350x280x130mm,14,25,0,,14,0.95,1.42,0.2,2026-03-18 00:00:00,2026-03-18 12:00:00,5
326,186,Shipping carton (Brown) 457x457x457mm,,Each,Each,,457x457x457mm,14,25,0,,14,2.1,3.14,0.4,2026-03-18 00:00:00,2026-03-18 12:00:00,5
327,185,Shipping carton (Brown) 356x356x279mm,,Each,Each,,356x356x279mm,14,25,0,,14,2.04,3.05,0.3,2026-03-18 00:00:00,2026-03-18 12:00:00,5
328,184,Shipping carton (Brown) 305x305x305mm,,Each,Each,,305x305x305mm,14,25,0,,14,3.5,5.23,0.3,2026-03-18 00:00:00,2026-03-18 12:00:00,5
329,183,Shipping carton (Brown) 480x270x320mm,,Each,Each,,480x270x320mm,14,25,0,,14,2.74,4.1,0.4,2026-03-18 00:00:00,2026-03-18 12:00:00,5
330,182,Shipping carton (Brown) 457x279x279mm,,Each,Each,,457x279x279mm,14,25,0,,14,1.28,1.91,0.4,2026-03-18 00:00:00,2026-03-18 12:00:00,5
331,181,Shipping carton (Brown) 356x229x229mm,,Each,Each,,356x229x229mm,14,25,0,,14,1.14,1.7,0.4,2026-03-18 00:00:00,2026-03-18 12:00:00,5
332,180,Shipping carton (Brown) 279x254x217mm,,Each,Each,,279x254x217mm,14,25,0,,14,1.11,1.66,0.3,2026-03-18 00:00:00,2026-03-18 12:00:00,5
333,179,Shipping carton (Brown) 229x229x229mm,,Each,Each,,229x229x229mm,14,25,0,,14,1.05,1.57,0.3,2026-03-18 00:00:00,2026-03-18 12:00:00,5
334,178,Shipping carton (Brown) 500x310x310mm,,Each,Each,,500x310x310mm,14,25,0,,14,2.55,3.81,0.4,2026-03-18 00:00:00,2026-03-18 12:00:00,5
335,177,Shipping carton (Brown) 413x285x187mm,,Each,Each,,413x285x187mm,14,25,0,,14,1.05,1.57,0.3,2026-03-18 00:00:00,2026-03-18 12:00:00,5
336,176,Bubblewrap dispenser (Red) 1.5m,Red,Each,Each,,1.5m,14,1,0,,14,240,358.8,10,2026-03-18 00:00:00,2026-03-18 12:00:00,5
337,175,Bubblewrap dispenser (Blue) 1.5m,Blue,Each,Each,,1.5m,14,1,0,,14,240,358.8,10,2026-03-18 00:00:00,2026-03-18 12:00:00,5
338,174,Bubblewrap dispenser (Black) 1.5m,Black,Each,Each,,1.5m,14,1,0,,14,240,358.8,10,2026-03-18 00:00:00,2026-03-18 12:00:00,5
339,173,32 mm Anti static bubble wrap (Blue) 50m,Blue,Each,Each,,50m,14,10,0,,14,105,156.98,10,2026-03-18 00:00:00,2026-03-18 12:00:00,5
340,172,32 mm Anti static bubble wrap (Blue) 20m,Blue,Each,Each,,20m,14,10,0,,14,48,71.76,6,2026-03-18 00:00:00,2026-03-18 12:00:00,5
341,171,32 mm Anti static bubble wrap (Blue) 10m,Blue,Each,Each,,10m,14,10,0,,14,32,47.84,5,2026-03-18 00:00:00,2026-03-18 12:00:00,5
342,170,20 mm Anti static bubble wrap (Blue) 50m,Blue,Each,Each,,50m,14,10,0,,14,102,152.49,10,2026-03-18 00:00:00,2026-03-18 12:00:00,5
343,169,20 mm Anti static bubble wrap (Blue) 20m,Blue,Each,Each,,20m,14,10,0,,14,45,67.28,6,2026-03-18 00:00:00,2026-03-18 12:00:00,5
344,168,20 mm Anti static bubble wrap (Blue) 10m,Blue,Each,Each,,10m,14,10,0,,14,29,43.36,5,2026-03-18 00:00:00,2026-03-18 12:00:00,5
345,167,10 mm Anti static bubble wrap (Blue) 50m,Blue,Each,Each,,50m,14,10,0,,14,99,148.01,10,2026-03-18 00:00:00,2026-03-18 12:00:00,5
346,166,10 mm Anti static bubble wrap (Blue) 20m,Blue,Each,Each,,20m,14,10,0,,14,42,62.79,6,2026-03-18 00:00:00,2026-03-18 12:00:00,5
347,165,10 mm Anti static bubble wrap (Blue) 10m,Blue,Each,Each,,10m,14,10,0,,14,26,38.87,5,2026-03-18 00:00:00,2026-03-18 12:00:00,5
348,164,32 mm Double sided bubble wrap 50m,,Each,Each,,50m,14,10,0,,14,112,167.44,10,2026-03-18 00:00:00,2026-03-18 12:00:00,5
349,163,32 mm Double sided bubble wrap 20m,,Each,Each,,20m,14,10,0,,14,37,55.32,6,2026-03-18 00:00:00,2026-03-18 12:00:00,5
350,162,32 mm Double sided bubble wrap 10m,,Each,Each,,10m,14,10,0,,14,22,32.89,5,2026-03-18 00:00:00,2026-03-18 12:00:00,5
351,161,20 mm Double sided bubble wrap 50m,,Each,Each,,50m,14,10,0,,14,108,161.46,10,2026-03-18 00:00:00,2026-03-18 12:00:00,5
352,160,20 mm Double sided bubble wrap 20m,,Each,Each,,20m,14,10,0,,14,33,49.34,6,2026-03-18 00:00:00,2026-03-18 12:00:00,5
353,159,20 mm Double sided bubble wrap 10m,,Each,Each,,10m,14,10,0,,14,18,26.91,5,2026-03-18 00:00:00,2026-03-18 12:00:00,5
354,158,10 mm Double sided bubble wrap 50m,,Each,Each,,50m,14,10,0,,14,105,156.98,10,2026-03-18 00:00:00,2026-03-18 12:00:00,5
355,157,10 mm Double sided bubble wrap 20m,,Each,Each,,20m,14,10,0,,14,30,44.85,6,2026-03-18 00:00:00,2026-03-18 12:00:00,5
356,156,10 mm Double sided bubble wrap 10m,,Each,Each,,10m,14,10,0,,14,15,22.43,5,2026-03-18 00:00:00,2026-03-18 12:00:00,5
357,155,Large sized bubblewrap roll 50m,,Each,Each,,50m,14,10,0,,14,24,35.88,10,2026-03-18 00:00:00,2026-03-18 12:00:00,5
358,154,Medium sized bubblewrap roll 20m,,Each,Each,,20m,14,10,0,,14,20,29.9,6,2026-03-18 00:00:00,2026-03-18 12:00:00,5
359,153,Small sized bubblewrap roll 10m,,Each,Each,,10m,14,10,0,,14,4.5,6.73,5,2026-03-18 00:00:00,2026-03-18 12:00:00,5
360,137,Animal with big feet slippers (Brown) XL,,Each,Each,,XL,12,1,0,,12,32,47.84,0.4,2026-03-18 00:00:00,2026-03-18 07:00:00,5
361,136,Animal with big feet slippers (Brown) L,,Each,Each,,L,12,1,0,,12,32,47.84,0.35,2026-03-18 00:00:00,2026-03-18 07:00:00,5
362,135,Animal with big feet slippers (Brown) M,,Each,Each,,M,12,1,0,,12,32,47.84,0.35,2026-03-18 00:00:00,2026-03-18 07:00:00,5
363,134,Animal with big feet slippers (Brown) S,,Each,Each,,S,12,1,0,,12,32,47.84,0.35,2026-03-18 00:00:00,2026-03-18 07:00:00,5
364,133,Furry gorilla with big eyes slippers (Black) XL,Black,Each,Each,,XL,12,1,0,,12,32,47.84,0.4,2026-03-18 00:00:00,2026-03-18 07:00:00,5
365,132,Furry gorilla with big eyes slippers (Black) L,Black,Each,Each,,L,12,1,0,,12,32,47.84,0.35,2026-03-18 00:00:00,2026-03-18 07:00:00,5
366,131,Furry gorilla with big eyes slippers (Black) M,Black,Each,Each,,M,12,1,0,,12,32,47.84,0.35,2026-03-18 00:00:00,2026-03-18 07:00:00,5
367,130,Furry gorilla with big eyes slippers (Black) S,Black,Each,Each,,S,12,1,0,,12,32,47.84,0.35,2026-03-18 00:00:00,2026-03-18 07:00:00,5
368,129,Plush shark slippers (Gray) XL,Steel Gray,Each,Each,,XL,12,1,0,,12,32,47.84,0.4,2026-03-18 00:00:00,2026-03-18 07:00:00,5
369,128,Plush shark slippers (Gray) L,Steel Gray,Each,Each,,L,12,1,0,,12,32,47.84,0.35,2026-03-18 00:00:00,2026-03-18 07:00:00,5
370,127,Plush shark slippers (Gray) M,Steel Gray,Each,Each,,M,12,1,0,,12,32,47.84,0.35,2026-03-18 00:00:00,2026-03-18 07:00:00,5
371,126,Plush shark slippers (Gray) S,Steel Gray,Each,Each,,S,12,1,0,,12,32,47.84,0.35,2026-03-18 00:00:00,2026-03-18 07:00:00,5
372,125,Ogre battery-powered slippers (Green) XL,,Each,Each,,XL,12,1,0,,12,32,47.84,0.4,2026-03-18 00:00:00,2026-03-18 07:00:00,5
373,124,Ogre battery-powered slippers (Green) L,,Each,Each,,L,12,1,0,,12,32,47.84,0.35,2026-03-18 00:00:00,2026-03-18 07:00:00,5
374,123,Ogre battery-powered slippers (Green) M,,Each,Each,,M,12,1,0,,12,32,47.84,0.35,2026-03-18 00:00:00,2026-03-18 07:00:00,5
375,122,Ogre battery-powered slippers (Green) S,,Each,Each,,S,12,1,0,,12,32,47.84,0.35,2026-03-18 00:00:00,2026-03-18 07:00:00,5
376,121,Dinosaur battery-powered slippers (Green) XL,,Each,Each,,XL,12,1,0,,12,32,47.84,0.4,2026-03-18 00:00:00,2026-03-18 07:00:00,5
377,120,Dinosaur battery-powered slippers (Green) L,,Each,Each,,L,12,1,0,,12,32,47.84,0.35,2026-03-18 00:00:00,2026-03-18 07:00:00,5
378,119,Dinosaur battery-powered slippers (Green) M,,Each,Each,,M,12,1,0,,12,32,47.84,0.35,2026-03-18 00:00:00,2026-03-18 07:00:00,5
379,118,Dinosaur battery-powered slippers (Green) S,,Each,Each,,S,12,1,0,,12,32,47.84,0.35,2026-03-18 00:00:00,2026-03-18 07:00:00,5
380,149,Halloween skull mask (Gray) XL,Steel Gray,Each,Carton,,XL,12,12,0,,12,18,26.91,0.3,2026-03-18 00:00:00,2026-03-18 04:00:00,5
381,148,Halloween skull mask (Gray) L,Steel Gray,Each,Carton,,L,12,12,0,,12,18,26.91,0.3,2026-03-18 00:00:00,2026-03-18 04:00:00,5
382,147,Halloween skull mask (Gray) M,Steel Gray,Each,Carton,,M,12,12,0,,12,18,26.91,0.3,2026-03-18 00:00:00,2026-03-18 04:00:00,5
383,146,Halloween skull mask (Gray) S,Steel Gray,Each,Carton,,S,12,12,0,,12,18,26.91,0.3,2026-03-18 00:00:00,2026-03-18 04:00:00,5
384,145,Halloween zombie mask (Light Brown) XL,Light Brown,Each,Carton,,XL,12,12,0,,12,18,26.91,0.3,2026-03-18 00:00:00,2026-03-18 04:00:00,5
385,144,Halloween zombie mask (Light Brown) L,Light Brown,Each,Carton,,L,12,12,0,,12,18,26.91,0.3,2026-03-18 00:00:00,2026-03-18 04:00:00,5
386,143,Halloween zombie mask (Light Brown) M,Light Brown,Each,Carton,,M,12,12,0,,12,18,26.91,0.3,2026-03-18 00:00:00,2026-03-18 04:00:00,5
387,142,Halloween zombie mask (Light Brown) S,Light Brown,Each,Carton,,S,12,12,0,,12,18,26.91,0.3,2026-03-18 00:00:00,2026-03-18 04:00:00,5
388,152,Pack of 12 action figures (female),,Packet,Packet,,,2,1,0,,2,16,23.92,0.25,2026-03-18 00:00:00,2026-03-18 05:00:00,5
389,151,Pack of 12 action figures (male),,Packet,Packet,,,2,1,0,,2,16,23.92,0.25,2026-03-18 00:00:00,2026-03-18 05:00:00,5
390,150,Pack of 12 action figures (variety),,Packet,Packet,,,2,1,0,,2,16,23.92,0.25,2026-03-18 00:00:00,2026-03-18 05:00:00,5
391,75,Ride on big wheel monster truck (Black) 1/12 scale,Black,Each,Each,Northwind,1/12 scale,14,1,0,,14,345,515.78,21,2026-03-18 00:00:00,2026-03-18 06:00:00,5
392,72,Ride on toy sedan car (Pink) 1/12 scale,,Each,Each,Northwind,1/12 scale,14,1,0,,14,230,343.85,15,2026-03-18 00:00:00,2026-03-18 06:00:00,5
393,71,Ride on toy sedan car (Yellow) 1/12 scale,Yellow,Each,Each,Northwind,1/12 scale,14,1,0,,14,230,343.85,15,2026-03-18 00:00:00,2026-03-18 06:00:00,5
394,70,Ride on toy sedan car (Green) 1/12 scale,,Each,Each,Northwind,1/12 scale,14,1,0,,14,230,343.85,15,2026-03-18 00:00:00,2026-03-18 06:00:00,5
395,69,Ride on toy sedan car (Blue) 1/12 scale,Blue,Each,Each,Northwind,1/12 scale,14,1,0,,14,230,343.85,15,2026-03-18 00:00:00,2026-03-18 06:00:00,5
396,68,Ride on toy sedan car (Red) 1/12 scale,Red,Each,Each,Northwind,1/12 scale,14,1,0,,14,230,343.85,15,2026-03-18 00:00:00,2026-03-18 06:00:00,5
397,67,Ride on toy sedan car (Black) 1/12 scale,Black,Each,Each,Northwind,1/12 scale,14,1,0,,14,230,343.85,15,2026-03-18 00:00:00,2026-03-18 06:00:00,5
398,3,Office cube periscope (Black),Black,Each,Carton,,,14,10,0,,14,18.5,27.66,0.25,2026-03-18 00:00:00,,5
399,76,The Gu red shirt XML tag t-shirt (White) 3XS,White,Each,Carton,,3XS,7,12,0,,7,18,26.91,0.25,2026-03-18 00:00:00,,5
400,77,The Gu red shirt XML tag t-shirt (White) XXS,White,Each,Carton,,XXS,7,12,0,,7,18,26.91,0.25,2026-03-18 00:00:00,,5
401,78,The Gu red shirt XML tag t-shirt (White) XS,White,Each,Carton,,XS,7,12,0,,7,18,26.91,0.25,2026-03-18 00:00:00,,5
402,79,The Gu red shirt XML tag t-shirt (White) S,White,Each,Carton,,S,7,12,0,,7,18,26.91,0.3,2026-03-18 00:00:00,,5
403,80,The Gu red shirt XML tag t-shirt (White) M,White,Each,Carton,,M,7,12,0,,7,18,26.91,0.35,2026-03-18 00:00:00,,5
404,81,The Gu red shirt XML tag t-shirt (White) L,White,Each,Carton,,L,7,12,0,,7,18,26.91,0.35,2026-03-18 00:00:00,,5
405,82,The Gu red shirt XML tag t-shirt (White) XL,White,Each,Carton,,XL,7,12,0,,7,18,26.91,0.35,2026-03-18 00:00:00,,5
406,83,The Gu red shirt XML tag t-shirt (White) XXL,White,Each,Carton,,XXL,7,12,0,,7,18,26.91,0.4,2026-03-18 00:00:00,,5
407,84,The Gu red shirt XML tag t-shirt (White) 3XL,White,Each,Carton,,3XL,7,12,0,,7,18,26.91,0.4,2026-03-18 00:00:00,,5
408,85,The Gu red shirt XML tag t-shirt (White) 4XL,White,Each,Carton,,4XL,7,12,0,,7,18,26.91,0.4,2026-03-18 00:00:00,,5
409,86,The Gu red shirt XML tag t-shirt (White) 5XL,White,Each,Carton,,5XL,7,12,0,,7,18,26.91,0.4,2026-03-18 00:00:00,,5
410,87,The Gu red shirt XML tag t-shirt (White) 6XL,White,Each,Carton,,6XL,7,12,0,,7,18,26.91,0.4,2026-03-18 00:00:00,,5
411,88,The Gu red shirt XML tag t-shirt (White) 7XL,White,Each,Carton,,7XL,7,12,0,,7,18,26.91,0.45,2026-03-18 00:00:00,,5
412,89,The Gu red shirt XML tag t-shirt (Black) 3XS,Black,Each,Carton,,3XS,7,12,0,,7,18,26.91,0.25,2026-03-18 00:00:00,,5
413,90,The Gu red shirt XML tag t-shirt (Black) XXS,Black,Each,Carton,,XXS,7,12,0,,7,18,26.91,0.25,2026-03-18 00:00:00,,5
414,91,The Gu red shirt XML tag t-shirt (Black) XS,Black,Each,Carton,,XS,7,12,0,,7,18,26.91,0.25,2026-03-18 00:00:00,,5
415,92,The Gu red shirt XML tag t-shirt (Black) S,Black,Each,Carton,,S,7,12,0,,7,18,26.91,0.3,2026-03-18 00:00:00,,5
416,93,The Gu red shirt XML tag t-shirt (Black) M,Black,Each,Carton,,M,7,12,0,,7,18,26.91,0.35,2026-03-18 00:00:00,,5
417,94,The Gu red shirt XML tag t-shirt (Black) L,Black,Each,Carton,,L,7,12,0,,7,18,26.91,0.35,2026-03-18 00:00:00,,5
418,95,The Gu red shirt XML tag t-shirt (Black) XL,Black,Each,Carton,,XL,7,12,0,,7,18,26.91,0.35,2026-03-18 00:00:00,,5
419,96,The Gu red shirt XML tag t-shirt (Black) XXL,Black,Each,Carton,,XXL,7,12,0,,7,18,26.91,0.4,2026-03-18 00:00:00,,5
420,97,The Gu red shirt XML tag t-shirt (Black) 3XL,Black,Each,Carton,,3XL,7,12,0,,7,18,26.91,0.4,2026-03-18 00:00:00,,5
421,98,The Gu red shirt XML tag t-shirt (Black) 4XL,Black,Each,Carton,,4XL,7,12,0,,7,18,26.91,0.4,2026-03-18 00:00:00,,5
422,99,The Gu red shirt XML tag t-shirt (Black) 5XL,Black,Each,Carton,,5XL,7,12,0,,7,18,26.91,0.4,2026-03-18 00:00:00,,5
423,100,The Gu red shirt XML tag t-shirt (Black) 6XL,Black,Each,Carton,,6XL,7,12,0,,7,18,26.91,0.4,2026-03-18 00:00:00,,5
424,101,The Gu red shirt XML tag t-shirt (Black) 7XL,Black,Each,Carton,,7XL,7,12,0,,7,18,26.91,0.45,2026-03-18 00:00:00,,5
425,102,Alien officer hoodie (Black) XL,Black,Each,Each,,XL,12,1,0,,12,35,52.33,0.4,2026-03-18 00:00:00,,5
426,103,Alien officer hoodie (Black) XXL,Black,Each,Each,,XXL,12,1,0,,12,35,52.33,0.4,2026-03-18 00:00:00,,5
427,104,Alien officer hoodie (Black) 3XL,Black,Each,Each,,3XL,12,1,0,,12,35,52.33,0.4,2026-03-18 00:00:00,,5
428,105,Alien officer hoodie (Black) 4XL,Black,Each,Each,,4XL,12,1,0,,12,35,52.33,0.4,2026-03-18 00:00:00,,5
429,106,Alien officer hoodie (Black) 5XL,Black,Each,Each,,5XL,12,1,0,,12,35,52.33,0.4,2026-03-18 00:00:00,,5
430,107,Superhero action jacket (Blue) 3XS,Blue,Each,Each,,3XS,12,1,0,,12,25,37.38,0.3,2026-03-18 00:00:00,,5
431,108,Superhero action jacket (Blue) XXS,Blue,Each,Each,,XXS,12,1,0,,12,25,37.38,0.3,2026-03-18 00:00:00,,5
432,109,Superhero action jacket (Blue) XS,Blue,Each,Each,,XS,12,1,0,,12,25,37.38,0.3,2026-03-18 00:00:00,,5
433,110,Superhero action jacket (Blue) S,Blue,Each,Each,,S,12,1,0,,12,25,37.38,0.3,2026-03-18 00:00:00,,5
434,111,Superhero action jacket (Blue) M,Blue,Each,Each,,M,12,1,0,,12,30,44.85,0.35,2026-03-18 00:00:00,,5
435,112,Superhero action jacket (Blue) L,Blue,Each,Each,,L,12,1,0,,12,30,44.85,0.35,2026-03-18 00:00:00,,5
436,113,Superhero action jacket (Blue) XL,Blue,Each,Each,,XL,12,1,0,,12,30,44.85,0.35,2026-03-18 00:00:00,,5
437,114,Superhero action jacket (Blue) XXL,Blue,Each,Each,,XXL,12,1,0,,12,30,44.85,0.35,2026-03-18 00:00:00,,5
438,115,Superhero action jacket (Blue) 3XL,Blue,Each,Each,,3XL,12,1,0,,12,34,50.83,0.4,2026-03-18 00:00:00,,5
439,116,Superhero action jacket (Blue) 4XL,Blue,Each,Each,,4XL,12,1,0,,12,34,50.83,0.4,2026-03-18 00:00:00,,5
440,117,Superhero action jacket (Blue) 5XL,Blue,Each,Each,,5XL,12,1,0,,12,34,50.83,0.4,2026-03-18 00:00:00,,5
441,138,Furry animal socks (Pink) S,,Pair,Packet,,S,12,12,0,,12,5,7.48,0.1,2026-03-18 00:00:00,,5
442,139,Furry animal socks (Pink) M,,Pair,Packet,,M,12,12,0,,12,5,7.48,0.1,2026-03-18 00:00:00,,5
443,140,Furry animal socks (Pink) L,,Pair,Packet,,L,12,12,0,,12,5,7.48,0.1,2026-03-18 00:00:00,,5
444,141,Furry animal socks (Pink) XL,,Pair,Packet,,XL,12,12,0,,12,5,7.48,0.1,2026-03-18 00:00:00,,5
445,220,Novelty chilli chocolates 250g,,Bag,Carton,,250g,3,24,1,8.30E+12,3,8.55,12.23,0.25,2026-03-18 00:00:00,,5
446,221,Novelty chilli chocolates 500g,,Bag,Carton,,500g,3,12,1,8.30E+12,3,14.5,20.74,0.5,2026-03-18 00:00:00,,5
447,222,Chocolate beetles 250g,,Bag,Carton,,250g,3,24,1,8.79E+12,3,8.55,12.23,0.25,2026-03-18 00:00:00,,5
448,223,Chocolate echidnas 250g,,Bag,Carton,,250g,3,24,1,8.79E+12,3,8.55,12.23,0.25,2026-03-18 00:00:00,,5
449,224,Chocolate frogs 250g,,Bag,Carton,,250g,3,24,1,8.79E+12,3,8.55,12.23,0.25,2026-03-18 00:00:00,,5
450,225,Chocolate sharks 250g,,Bag,Carton,,250g,3,24,1,8.79E+12,3,8.55,12.23,0.25,2026-03-18 00:00:00,,5
451,226,White chocolate snow balls 250g,,Bag,Carton,,250g,3,24,1,8.79E+12,3,8.55,12.23,0.25,2026-03-18 00:00:00,,5
452,227,White chocolate moon rocks 250g,,Bag,Carton,,250g,3,24,1,8.79E+12,3,8.55,12.23,0.25,2026-03-18 00:00:00,,5
453,74,Ride on vintage American toy coupe (Black) 1/12 scale,Black,Each,Each,Northwind,1/12 scale,14,1,0,,14,285,426.08,18,2026-03-18 00:00:00,2026-03-18 03:00:00,5
454,73,Ride on vintage American toy coupe (Red) 1/12 scale,Red,Each,Each,Northwind,1/12 scale,14,1,0,,14,285,426.08,18,2026-03-18 00:00:00,2026-03-18 03:00:00,5
455,66,RC big wheel monster truck with remote control (Black) 1/50 scale,Black,Each,Each,Northwind,1/50 scale,14,1,0,,14,45,67.28,1.8,2026-03-18 01:00:00,2026-03-18 02:00:00,5
456,65,RC vintage American toy coupe with remote control (Black) 1/50 scale,Black,Each,Each,Northwind,1/50 scale,14,1,0,,14,30,44.85,1.7,2026-03-18 01:00:00,2026-03-18 02:00:00,5
457,64,RC vintage American toy coupe with remote control (Red) 1/50 scale,Red,Each,Each,Northwind,1/50 scale,14,1,0,,14,30,44.85,1.7,2026-03-18 01:00:00,2026-03-18 02:00:00,5
458,63,RC toy sedan car with remote control (Pink) 1/50 scale,,Each,Each,Northwind,1/50 scale,14,1,0,,14,25,37.38,1.5,2026-03-18 01:00:00,2026-03-18 02:00:00,5
459,62,RC toy sedan car with remote control (Yellow) 1/50 scale,Yellow,Each,Each,Northwind,1/50 scale,14,1,0,,14,25,37.38,1.5,2026-03-18 01:00:00,2026-03-18 02:00:00,5
460,61,RC toy sedan car with remote control (Green) 1/50 scale,,Each,Each,Northwind,1/50 scale,14,1,0,,14,25,37.38,1.5,2026-03-18 01:00:00,2026-03-18 02:00:00,5
461,60,RC toy sedan car with remote control (Blue) 1/50 scale,Blue,Each,Each,Northwind,1/50 scale,14,1,0,,14,25,37.38,1.5,2026-03-18 01:00:00,2026-03-18 02:00:00,5
462,59,RC toy sedan car with remote control (Red) 1/50 scale,Red,Each,Each,Northwind,1/50 scale,14,1,0,,14,25,37.38,1.5,2026-03-18 01:00:00,2026-03-18 02:00:00,5
463,58,RC toy sedan car with remote control (Black) 1/50 scale,Black,Each,Each,Northwind,1/50 scale,14,1,0,,14,25,37.38,1.5,2026-03-18 01:00:00,2026-03-18 02:00:00,5
464,65,RC vintage American toy coupe with remote control (Black) 1/50 scale,Black,Each,Each,Northwind,1/50 scale,14,1,0,,14,30,44.85,1.7,2026-03-18 02:00:00,2026-03-18 03:00:00,5
465,64,RC vintage American toy coupe with remote control (Red) 1/50 scale,Red,Each,Each,Northwind,1/50 scale,14,1,0,,14,30,44.85,1.7,2026-03-18 02:00:00,2026-03-18 03:00:00,5
466,66,RC big wheel monster truck with remote control (Black) 1/50 scale,Black,Each,Each,Northwind,1/50 scale,14,1,0,,14,45,67.28,1.8,2026-03-18 02:00:00,,5
467,58,RC toy sedan car with remote control (Black) 1/50 scale,Black,Each,Each,Northwind,1/50 scale,14,1,0,,14,25,37.38,1.5,2026-03-18 02:00:00,,5
468,59,RC toy sedan car with remote control (Red) 1/50 scale,Red,Each,Each,Northwind,1/50 scale,14,1,0,,14,25,37.38,1.5,2026-03-18 02:00:00,,5
469,60,RC toy sedan car with remote control (Blue) 1/50 scale,Blue,Each,Each,Northwind,1/50 scale,14,1,0,,14,25,37.38,1.5,2026-03-18 02:00:00,,5
470,61,RC toy sedan car with remote control (Green) 1/50 scale,,Each,Each,Northwind,1/50 scale,14,1,0,,14,25,37.38,1.5,2026-03-18 02:00:00,,5
471,62,RC toy sedan car with remote control (Yellow) 1/50 scale,Yellow,Each,Each,Northwind,1/50 scale,14,1,0,,14,25,37.38,1.5,2026-03-18 02:00:00,,5
472,63,RC toy sedan car with remote control (Pink) 1/50 scale,,Each,Each,Northwind,1/50 scale,14,1,0,,14,25,37.38,1.5,2026-03-18 02:00:00,,5
473,64,RC vintage American toy coupe with remote control (Red) 1/50 scale,Red,Each,Each,Northwind,1/50 scale,14,1,0,,14,30,44.85,1.7,2026-03-18 03:00:00,,5
474,65,RC vintage American toy coupe with remote control (Black) 1/50 scale,Black,Each,Each,Northwind,1/50 scale,14,1,0,,14,30,44.85,1.7,2026-03-18 03:00:00,,5
475,74,Ride on vintage American toy coupe (Black) 1/12 scale,Black,Each,Each,Northwind,1/12 scale,14,1,0,,14,285,426.08,18,2026-03-18 03:00:00,2026-03-18 06:00:00,5
476,73,Ride on vintage American toy coupe (Red) 1/12 scale,Red,Each,Each,Northwind,1/12 scale,14,1,0,,14,285,426.08,18,2026-03-18 03:00:00,2026-03-18 06:00:00,5
477,142,Halloween zombie mask (Light Brown) S,Light Brown,Each,Carton,,S,12,12,0,,12,18,26.91,0.3,2026-03-18 04:00:00,,5
478,143,Halloween zombie mask (Light Brown) M,Light Brown,Each,Carton,,M,12,12,0,,12,18,26.91,0.3,2026-03-18 04:00:00,,5
479,144,Halloween zombie mask (Light Brown) L,Light Brown,Each,Carton,,L,12,12,0,,12,18,26.91,0.3,2026-03-18 04:00:00,,5
480,145,Halloween zombie mask (Light Brown) XL,Light Brown,Each,Carton,,XL,12,12,0,,12,18,26.91,0.3,2026-03-18 04:00:00,,5
481,146,Halloween skull mask (Gray) S,Steel Gray,Each,Carton,,S,12,12,0,,12,18,26.91,0.3,2026-03-18 04:00:00,,5
482,147,Halloween skull mask (Gray) M,Steel Gray,Each,Carton,,M,12,12,0,,12,18,26.91,0.3,2026-03-18 04:00:00,,5
483,148,Halloween skull mask (Gray) L,Steel Gray,Each,Carton,,L,12,12,0,,12,18,26.91,0.3,2026-03-18 04:00:00,,5
484,149,Halloween skull mask (Gray) XL,Steel Gray,Each,Carton,,XL,12,12,0,,12,18,26.91,0.3,2026-03-18 04:00:00,,5
485,150,Pack of 12 action figures (variety),,Packet,Packet,,,2,1,0,,2,16,23.92,0.25,2026-03-18 05:00:00,,5
486,151,Pack of 12 action figures (male),,Packet,Packet,,,2,1,0,,2,16,23.92,0.25,2026-03-18 05:00:00,,5
487,152,Pack of 12 action figures (female),,Packet,Packet,,,2,1,0,,2,16,23.92,0.25,2026-03-18 05:00:00,,5
488,67,Ride on toy sedan car (Black) 1/12 scale,Black,Each,Each,Northwind,1/12 scale,14,1,0,,14,230,343.85,15,2026-03-18 06:00:00,,5
489,68,Ride on toy sedan car (Red) 1/12 scale,Red,Each,Each,Northwind,1/12 scale,14,1,0,,14,230,343.85,15,2026-03-18 06:00:00,,5
490,69,Ride on toy sedan car (Blue) 1/12 scale,Blue,Each,Each,Northwind,1/12 scale,14,1,0,,14,230,343.85,15,2026-03-18 06:00:00,,5
491,70,Ride on toy sedan car (Green) 1/12 scale,,Each,Each,Northwind,1/12 scale,14,1,0,,14,230,343.85,15,2026-03-18 06:00:00,,5
492,71,Ride on toy sedan car (Yellow) 1/12 scale,Yellow,Each,Each,Northwind,1/12 scale,14,1,0,,14,230,343.85,15,2026-03-18 06:00:00,,5
493,72,Ride on toy sedan car (Pink) 1/12 scale,,Each,Each,Northwind,1/12 scale,14,1,0,,14,230,343.85,15,2026-03-18 06:00:00,,5
494,73,Ride on vintage American toy coupe (Red) 1/12 scale,Red,Each,Each,Northwind,1/12 scale,14,1,0,,14,285,426.08,18,2026-03-18 06:00:00,,5
495,74,Ride on vintage American toy coupe (Black) 1/12 scale,Black,Each,Each,Northwind,1/12 scale,14,1,0,,14,285,426.08,18,2026-03-18 06:00:00,,5
496,75,Ride on big wheel monster truck (Black) 1/12 scale,Black,Each,Each,Northwind,1/12 scale,14,1,0,,14,345,515.78,21,2026-03-18 06:00:00,,5
497,137,Animal with big feet slippers (Brown) XL,,Each,Each,,XL,12,1,0,,12,32,47.84,0.4,2026-03-18 07:00:00,2026-03-18 08:00:00,5
498,136,Animal with big feet slippers (Brown) L,,Each,Each,,L,12,1,0,,12,32,47.84,0.35,2026-03-18 07:00:00,2026-03-18 08:00:00,5
499,135,Animal with big feet slippers (Brown) M,,Each,Each,,M,12,1,0,,12,32,47.84,0.35,2026-03-18 07:00:00,2026-03-18 08:00:00,5
500,134,Animal with big feet slippers (Brown) S,,Each,Each,,S,12,1,0,,12,32,47.84,0.35,2026-03-18 07:00:00,2026-03-18 08:00:00,5
501,133,Furry gorilla with big eyes slippers (Black) XL,Black,Each,Each,,XL,12,1,0,,12,32,47.84,0.4,2026-03-18 07:00:00,2026-03-18 08:00:00,5
502,132,Furry gorilla with big eyes slippers (Black) L,Black,Each,Each,,L,12,1,0,,12,32,47.84,0.35,2026-03-18 07:00:00,2026-03-18 08:00:00,5
503,131,Furry gorilla with big eyes slippers (Black) M,Black,Each,Each,,M,12,1,0,,12,32,47.84,0.35,2026-03-18 07:00:00,2026-03-18 08:00:00,5
504,130,Furry gorilla with big eyes slippers (Black) S,Black,Each,Each,,S,12,1,0,,12,32,47.84,0.35,2026-03-18 07:00:00,2026-03-18 08:00:00,5
505,129,Plush shark slippers (Gray) XL,Steel Gray,Each,Each,,XL,12,1,0,,12,32,47.84,0.4,2026-03-18 07:00:00,2026-03-18 08:00:00,5
506,128,Plush shark slippers (Gray) L,Steel Gray,Each,Each,,L,12,1,0,,12,32,47.84,0.35,2026-03-18 07:00:00,2026-03-18 08:00:00,5
507,127,Plush shark slippers (Gray) M,Steel Gray,Each,Each,,M,12,1,0,,12,32,47.84,0.35,2026-03-18 07:00:00,2026-03-18 08:00:00,5
508,126,Plush shark slippers (Gray) S,Steel Gray,Each,Each,,S,12,1,0,,12,32,47.84,0.35,2026-03-18 07:00:00,2026-03-18 08:00:00,5
509,125,Ogre battery-powered slippers (Green) XL,,Each,Each,,XL,12,1,0,,12,32,47.84,0.4,2026-03-18 07:00:00,2026-03-18 08:00:00,5
510,124,Ogre battery-powered slippers (Green) L,,Each,Each,,L,12,1,0,,12,32,47.84,0.35,2026-03-18 07:00:00,2026-03-18 08:00:00,5
511,123,Ogre battery-powered slippers (Green) M,,Each,Each,,M,12,1,0,,12,32,47.84,0.35,2026-03-18 07:00:00,2026-03-18 08:00:00,5
512,122,Ogre battery-powered slippers (Green) S,,Each,Each,,S,12,1,0,,12,32,47.84,0.35,2026-03-18 07:00:00,2026-03-18 08:00:00,5
513,121,Dinosaur battery-powered slippers (Green) XL,,Each,Each,,XL,12,1,0,,12,32,47.84,0.4,2026-03-18 07:00:00,2026-03-18 08:00:00,5
514,120,Dinosaur battery-powered slippers (Green) L,,Each,Each,,L,12,1,0,,12,32,47.84,0.35,2026-03-18 07:00:00,2026-03-18 08:00:00,5
515,119,Dinosaur battery-powered slippers (Green) M,,Each,Each,,M,12,1,0,,12,32,47.84,0.35,2026-03-18 07:00:00,2026-03-18 08:00:00,5
516,118,Dinosaur battery-powered slippers (Green) S,,Each,Each,,S,12,1,0,,12,32,47.84,0.35,2026-03-18 07:00:00,2026-03-18 08:00:00,5
517,118,Dinosaur battery-powered slippers (Green) S,,Each,Each,,S,12,1,0,,12,32,47.84,0.35,2026-03-18 08:00:00,,5
518,119,Dinosaur battery-powered slippers (Green) M,,Each,Each,,M,12,1,0,,12,32,47.84,0.35,2026-03-18 08:00:00,,5
519,120,Dinosaur battery-powered slippers (Green) L,,Each,Each,,L,12,1,0,,12,32,47.84,0.35,2026-03-18 08:00:00,,5
520,121,Dinosaur battery-powered slippers (Green) XL,,Each,Each,,XL,12,1,0,,12,32,47.84,0.4,2026-03-18 08:00:00,,5
521,122,Ogre battery-powered slippers (Green) S,,Each,Each,,S,12,1,0,,12,32,47.84,0.35,2026-03-18 08:00:00,,5
522,123,Ogre battery-powered slippers (Green) M,,Each,Each,,M,12,1,0,,12,32,47.84,0.35,2026-03-18 08:00:00,,5
523,124,Ogre battery-powered slippers (Green) L,,Each,Each,,L,12,1,0,,12,32,47.84,0.35,2026-03-18 08:00:00,,5
524,125,Ogre battery-powered slippers (Green) XL,,Each,Each,,XL,12,1,0,,12,32,47.84,0.4,2026-03-18 08:00:00,,5
525,126,Plush shark slippers (Gray) S,Steel Gray,Each,Each,,S,12,1,0,,12,32,47.84,0.35,2026-03-18 08:00:00,,5
526,127,Plush shark slippers (Gray) M,Steel Gray,Each,Each,,M,12,1,0,,12,32,47.84,0.35,2026-03-18 08:00:00,,5
527,128,Plush shark slippers (Gray) L,Steel Gray,Each,Each,,L,12,1,0,,12,32,47.84,0.35,2026-03-18 08:00:00,,5
528,129,Plush shark slippers (Gray) XL,Steel Gray,Each,Each,,XL,12,1,0,,12,32,47.84,0.4,2026-03-18 08:00:00,,5
529,130,Furry gorilla with big eyes slippers (Black) S,Black,Each,Each,,S,12,1,0,,12,32,47.84,0.35,2026-03-18 08:00:00,,5
530,131,Furry gorilla with big eyes slippers (Black) M,Black,Each,Each,,M,12,1,0,,12,32,47.84,0.35,2026-03-18 08:00:00,,5
531,132,Furry gorilla with big eyes slippers (Black) L,Black,Each,Each,,L,12,1,0,,12,32,47.84,0.35,2026-03-18 08:00:00,,5
532,133,Furry gorilla with big eyes slippers (Black) XL,Black,Each,Each,,XL,12,1,0,,12,32,47.84,0.4,2026-03-18 08:00:00,,5
533,134,Animal with big feet slippers (Brown) S,,Each,Each,,S,12,1,0,,12,32,47.84,0.35,2026-03-18 08:00:00,,5
534,135,Animal with big feet slippers (Brown) M,,Each,Each,,M,12,1,0,,12,32,47.84,0.35,2026-03-18 08:00:00,,5
535,136,Animal with big feet slippers (Brown) L,,Each,Each,,L,12,1,0,,12,32,47.84,0.35,2026-03-18 08:00:00,,5
536,137,Animal with big feet slippers (Brown) XL,,Each,Each,,XL,12,1,0,,12,32,47.84,0.4,2026-03-18 08:00:00,,5
537,15,USB food flash drive - dessert 10 drive variety pack,,Packet,Packet,,,14,1,0,,14,240,358.8,0.5,2026-03-18 09:00:00,2026-03-18 11:00:00,5
538,14,USB food flash drive - fortune cookie,,Each,Each,,,14,1,0,,14,32,47.84,0.05,2026-03-18 09:00:00,2026-03-18 11:00:00,5
539,13,USB food flash drive - shrimp cocktail,,Each,Each,,,14,1,0,,14,32,47.84,0.05,2026-03-18 09:00:00,2026-03-18 11:00:00,5
540,12,USB food flash drive - donut,,Each,Each,,,14,1,0,,14,32,47.84,0.05,2026-03-18 09:00:00,2026-03-18 11:00:00,5
541,11,USB food flash drive - cookie,,Each,Each,,,14,1,0,,14,32,47.84,0.05,2026-03-18 09:00:00,2026-03-18 11:00:00,5
542,10,USB food flash drive - chocolate bar,,Each,Each,,,14,1,0,,14,32,47.84,0.05,2026-03-18 09:00:00,2026-03-18 11:00:00,5
543,9,USB food flash drive - banana,,Each,Each,,,14,1,0,,14,32,47.84,0.05,2026-03-18 09:00:00,2026-03-18 11:00:00,5
544,8,USB food flash drive - dim sum 10 drive variety pack,,Packet,Packet,,,14,1,0,,14,240,358.8,0.5,2026-03-18 09:00:00,2026-03-18 11:00:00,5
545,7,USB food flash drive - pizza slice,,Each,Each,,,14,1,0,,14,32,47.84,0.05,2026-03-18 09:00:00,2026-03-18 11:00:00,5
546,6,USB food flash drive - hot dog,,Each,Each,,,14,1,0,,14,32,47.84,0.05,2026-03-18 09:00:00,2026-03-18 11:00:00,5
547,5,USB food flash drive - hamburger,,Each,Each,,,14,1,0,,14,32,47.84,0.05,2026-03-18 09:00:00,2026-03-18 11:00:00,5
548,4,USB food flash drive - sushi roll,,Each,Each,,,14,1,0,,14,32,47.84,0.05,2026-03-18 09:00:00,2026-03-18 11:00:00,5
549,16,DBA joke mug - mind if I join you? (White),White,Each,Each,,,12,1,0,,12,13,19.44,0.15,2026-03-18 10:00:00,,5
550,17,DBA joke mug - mind if I join you? (Black),Black,Each,Each,,,12,1,0,,12,13,19.44,0.15,2026-03-18 10:00:00,,5
551,18,DBA joke mug - daaaaaa-ta (White),White,Each,Each,,,12,1,0,,12,13,19.44,0.15,2026-03-18 10:00:00,,5
552,19,DBA joke mug - daaaaaa-ta (Black),Black,Each,Each,,,12,1,0,,12,13,19.44,0.15,2026-03-18 10:00:00,,5
553,20,DBA joke mug - you might be a DBA if (White),White,Each,Each,,,12,1,0,,12,13,19.44,0.15,2026-03-18 10:00:00,,5
554,21,DBA joke mug - you might be a DBA if (Black),Black,Each,Each,,,12,1,0,,12,13,19.44,0.15,2026-03-18 10:00:00,,5
555,22,DBA joke mug - it depends (White),White,Each,Each,,,12,1,0,,12,13,19.44,0.15,2026-03-18 10:00:00,,5
556,23,DBA joke mug - it depends (Black),Black,Each,Each,,,12,1,0,,12,13,19.44,0.15,2026-03-18 10:00:00,,5
557,24,DBA joke mug - I will get you in order (White),White,Each,Each,,,12,1,0,,12,13,19.44,0.15,2026-03-18 10:00:00,,5
558,25,DBA joke mug - I will get you in order (Black),Black,Each,Each,,,12,1,0,,12,13,19.44,0.15,2026-03-18 10:00:00,,5
559,26,DBA joke mug - SELECT caffeine FROM mug (White),White,Each,Each,,,12,1,0,,12,13,19.44,0.15,2026-03-18 10:00:00,,5
560,27,DBA joke mug - SELECT caffeine FROM mug (Black),Black,Each,Each,,,12,1,0,,12,13,19.44,0.15,2026-03-18 10:00:00,,5
561,28,DBA joke mug - two types of DBAs (White),White,Each,Each,,,12,1,0,,12,13,19.44,0.15,2026-03-18 10:00:00,,5
562,29,DBA joke mug - two types of DBAs (Black),Black,Each,Each,,,12,1,0,,12,13,19.44,0.15,2026-03-18 10:00:00,,5
563,30,Developer joke mug - Oct 31 = Dec 25 (White),White,Each,Each,,,12,1,0,,12,13,19.44,0.15,2026-03-18 10:00:00,,5
564,31,Developer joke mug - Oct 31 = Dec 25 (Black),Black,Each,Each,,,12,1,0,,12,13,19.44,0.15,2026-03-18 10:00:00,,5
565,32,Developer joke mug - that's a hardware problem (White),White,Each,Each,,,12,1,0,,12,13,19.44,0.15,2026-03-18 10:00:00,,5
566,33,Developer joke mug - that's a hardware problem (Black),Black,Each,Each,,,12,1,0,,12,13,19.44,0.15,2026-03-18 10:00:00,,5
567,34,Developer joke mug - fun was unexpected at this time (White),White,Each,Each,,,12,1,0,,12,13,19.44,0.15,2026-03-18 10:00:00,,5
568,35,Developer joke mug - fun was unexpected at this time (Black),Black,Each,Each,,,12,1,0,,12,13,19.44,0.15,2026-03-18 10:00:00,,5
569,36,Developer joke mug - when your hammer is C++ (White),White,Each,Each,,,12,1,0,,12,13,19.44,0.15,2026-03-18 10:00:00,,5
570,37,Developer joke mug - when your hammer is C++ (Black),Black,Each,Each,,,12,1,0,,12,13,19.44,0.15,2026-03-18 10:00:00,,5
571,38,Developer joke mug - inheritance is the OO way to become wealthy (White),White,Each,Each,,,12,1,0,,12,13,19.44,0.15,2026-03-18 10:00:00,,5
572,39,Developer joke mug - inheritance is the OO way to become wealthy (Black),Black,Each,Each,,,12,1,0,,12,13,19.44,0.15,2026-03-18 10:00:00,,5
573,40,"Developer joke mug - (hip, hip, array) (White)",White,Each,Each,,,12,1,0,,12,13,19.44,0.15,2026-03-18 10:00:00,,5
574,41,"Developer joke mug - (hip, hip, array) (Black)",Black,Each,Each,,,12,1,0,,12,13,19.44,0.15,2026-03-18 10:00:00,,5
575,42,Developer joke mug - understanding recursion requires understanding recursion (White),White,Each,Each,,,12,1,0,,12,13,19.44,0.15,2026-03-18 10:00:00,,5
576,43,Developer joke mug - understanding recursion requires understanding recursion (Black),Black,Each,Each,,,12,1,0,,12,13,19.44,0.15,2026-03-18 10:00:00,,5
577,44,Developer joke mug - there are 10 types of people in the world (White),White,Each,Each,,,12,1,0,,12,13,19.44,0.15,2026-03-18 10:00:00,,5
578,45,Developer joke mug - there are 10 types of people in the world (Black),Black,Each,Each,,,12,1,0,,12,13,19.44,0.15,2026-03-18 10:00:00,,5
579,46,Developer joke mug - a foo walks into a bar (White),White,Each,Each,,,12,1,0,,12,13,19.44,0.15,2026-03-18 10:00:00,,5
580,47,Developer joke mug - a foo walks into a bar (Black),Black,Each,Each,,,12,1,0,,12,13,19.44,0.15,2026-03-18 10:00:00,,5
581,48,Developer joke mug - this code was generated by a tool (White),White,Each,Each,,,12,1,0,,12,13,19.44,0.15,2026-03-18 10:00:00,,5
582,49,Developer joke mug - this code was generated by a tool (Black),Black,Each,Each,,,12,1,0,,12,13,19.44,0.15,2026-03-18 10:00:00,,5
583,50,Developer joke mug - old C developers never die (White),White,Each,Each,,,12,1,0,,12,13,19.44,0.15,2026-03-18 10:00:00,,5
584,51,Developer joke mug - old C developers never die (Black),Black,Each,Each,,,12,1,0,,12,13,19.44,0.15,2026-03-18 10:00:00,,5
585,52,IT joke mug - keyboard not found … press F1 to continue (White),White,Each,Each,,,12,1,0,,12,13,19.44,0.15,2026-03-18 10:00:00,,5
586,53,IT joke mug - keyboard not found … press F1 to continue (Black),Black,Each,Each,,,12,1,0,,12,13,19.44,0.15,2026-03-18 10:00:00,,5
587,54,IT joke mug - that behavior is by design (White),White,Each,Each,,,12,1,0,,12,13,19.44,0.15,2026-03-18 10:00:00,,5
588,55,IT joke mug - that behavior is by design (Black),Black,Each,Each,,,12,1,0,,12,13,19.44,0.15,2026-03-18 10:00:00,,5
589,56,IT joke mug - hardware: part of the computer that can be kicked (White),White,Each,Each,,,12,1,0,,12,13,19.44,0.15,2026-03-18 10:00:00,,5
590,57,IT joke mug - hardware: part of the computer that can be kicked (Black),Black,Each,Each,,,12,1,0,,12,13,19.44,0.15,2026-03-18 10:00:00,,5
591,4,USB food flash drive - sushi roll,,Each,Each,,,14,1,0,,14,32,47.84,0.05,2026-03-18 11:00:00,,5
592,5,USB food flash drive - hamburger,,Each,Each,,,14,1,0,,14,32,47.84,0.05,2026-03-18 11:00:00,,5
593,6,USB food flash drive - hot dog,,Each,Each,,,14,1,0,,14,32,47.84,0.05,2026-03-18 11:00:00,,5
594,7,USB food flash drive - pizza slice,,Each,Each,,,14,1,0,,14,32,47.84,0.05,2026-03-18 11:00:00,,5
595,8,USB food flash drive - dim sum 10 drive variety pack,,Packet,Packet,,,14,1,0,,14,240,358.8,0.5,2026-03-18 11:00:00,,5
596,9,USB food flash drive - banana,,Each,Each,,,14,1,0,,14,32,47.84,0.05,2026-03-18 11:00:00,,5
597,10,USB food flash drive - chocolate bar,,Each,Each,,,14,1,0,,14,32,47.84,0.05,2026-03-18 11:00:00,,5
598,11,USB food flash drive - cookie,,Each,Each,,,14,1,0,,14,32,47.84,0.05,2026-03-18 11:00:00,,5
599,12,USB food flash drive - donut,,Each,Each,,,14,1,0,,14,32,47.84,0.05,2026-03-18 11:00:00,,5
600,13,USB food flash drive - shrimp cocktail,,Each,Each,,,14,1,0,,14,32,47.84,0.05,2026-03-18 11:00:00,,5
601,14,USB food flash drive - fortune cookie,,Each,Each,,,14,1,0,,14,32,47.84,0.05,2026-03-18 11:00:00,,5
602,15,USB food flash drive - dessert 10 drive variety pack,,Packet,Packet,,,14,1,0,,14,240,358.8,0.5,2026-03-18 11:00:00,,5
603,1,USB missile launcher (Green),,Each,Each,,,14,1,0,,14,25,37.38,0.3,2026-03-18 11:00:00,,5
604,2,USB rocket launcher (Gray),Steel Gray,Each,Each,,,14,1,0,,14,25,37.38,0.3,2026-03-18 11:00:00,,5
605,153,Small sized bubblewrap roll 10m,,Each,Each,,10m,14,10,0,,14,4.5,6.73,5,2026-03-18 12:00:00,,5
606,154,Medium sized bubblewrap roll 20m,,Each,Each,,20m,14,10,0,,14,20,29.9,6,2026-03-18 12:00:00,,5
607,155,Large sized bubblewrap roll 50m,,Each,Each,,50m,14,10,0,,14,24,35.88,10,2026-03-18 12:00:00,,5
608,156,10 mm Double sided bubble wrap 10m,,Each,Each,,10m,14,10,0,,14,15,22.43,5,2026-03-18 12:00:00,,5
609,157,10 mm Double sided bubble wrap 20m,,Each,Each,,20m,14,10,0,,14,30,44.85,6,2026-03-18 12:00:00,,5
610,158,10 mm Double sided bubble wrap 50m,,Each,Each,,50m,14,10,0,,14,105,156.98,10,2026-03-18 12:00:00,,5
611,159,20 mm Double sided bubble wrap 10m,,Each,Each,,10m,14,10,0,,14,18,26.91,5,2026-03-18 12:00:00,,5
612,160,20 mm Double sided bubble wrap 20m,,Each,Each,,20m,14,10,0,,14,33,49.34,6,2026-03-18 12:00:00,,5
613,161,20 mm Double sided bubble wrap 50m,,Each,Each,,50m,14,10,0,,14,108,161.46,10,2026-03-18 12:00:00,,5
614,162,32 mm Double sided bubble wrap 10m,,Each,Each,,10m,14,10,0,,14,22,32.89,5,2026-03-18 12:00:00,,5
615,163,32 mm Double sided bubble wrap 20m,,Each,Each,,20m,14,10,0,,14,37,55.32,6,2026-03-18 12:00:00,,5
616,164,32 mm Double sided bubble wrap 50m,,Each,Each,,50m,14,10,0,,14,112,167.44,10,2026-03-18 12:00:00,,5
617,165,10 mm Anti static bubble wrap (Blue) 10m,Blue,Each,Each,,10m,14,10,0,,14,26,38.87,5,2026-03-18 12:00:00,,5
618,166,10 mm Anti static bubble wrap (Blue) 20m,Blue,Each,Each,,20m,14,10,0,,14,42,62.79,6,2026-03-18 12:00:00,,5
619,167,10 mm Anti static bubble wrap (Blue) 50m,Blue,Each,Each,,50m,14,10,0,,14,99,148.01,10,2026-03-18 12:00:00,,5
620,168,20 mm Anti static bubble wrap (Blue) 10m,Blue,Each,Each,,10m,14,10,0,,14,29,43.36,5,2026-03-18 12:00:00,,5
621,169,20 mm Anti static bubble wrap (Blue) 20m,Blue,Each,Each,,20m,14,10,0,,14,45,67.28,6,2026-03-18 12:00:00,,5
622,170,20 mm Anti static bubble wrap (Blue) 50m,Blue,Each,Each,,50m,14,10,0,,14,102,152.49,10,2026-03-18 12:00:00,,5
623,171,32 mm Anti static bubble wrap (Blue) 10m,Blue,Each,Each,,10m,14,10,0,,14,32,47.84,5,2026-03-18 12:00:00,,5
624,172,32 mm Anti static bubble wrap (Blue) 20m,Blue,Each,Each,,20m,14,10,0,,14,48,71.76,6,2026-03-18 12:00:00,,5
625,173,32 mm Anti static bubble wrap (Blue) 50m,Blue,Each,Each,,50m,14,10,0,,14,105,156.98,10,2026-03-18 12:00:00,,5
626,174,Bubblewrap dispenser (Black) 1.5m,Black,Each,Each,,1.5m,14,1,0,,14,240,358.8,10,2026-03-18 12:00:00,,5
627,175,Bubblewrap dispenser (Blue) 1.5m,Blue,Each,Each,,1.5m,14,1,0,,14,240,358.8,10,2026-03-18 12:00:00,,5
628,176,Bubblewrap dispenser (Red) 1.5m,Red,Each,Each,,1.5m,14,1,0,,14,240,358.8,10,2026-03-18 12:00:00,,5
629,177,Shipping carton (Brown) 413x285x187mm,,Each,Each,,413x285x187mm,14,25,0,,14,1.05,1.57,0.3,2026-03-18 12:00:00,,5
630,178,Shipping carton (Brown) 500x310x310mm,,Each,Each,,500x310x310mm,14,25,0,,14,2.55,3.81,0.4,2026-03-18 12:00:00,,5
631,179,Shipping carton (Brown) 229x229x229mm,,Each,Each,,229x229x229mm,14,25,0,,14,1.05,1.57,0.3,2026-03-18 12:00:00,,5
632,180,Shipping carton (Brown) 279x254x217mm,,Each,Each,,279x254x217mm,14,25,0,,14,1.11,1.66,0.3,2026-03-18 12:00:00,,5
633,181,Shipping carton (Brown) 356x229x229mm,,Each,Each,,356x229x229mm,14,25,0,,14,1.14,1.7,0.4,2026-03-18 12:00:00,,5
634,182,Shipping carton (Brown) 457x279x279mm,,Each,Each,,457x279x279mm,14,25,0,,14,1.28,1.91,0.4,2026-03-18 12:00:00,,5
635,183,Shipping carton (Brown) 480x270x320mm,,Each,Each,,480x270x320mm,14,25,0,,14,2.74,4.1,0.4,2026-03-18 12:00:00,,5
636,184,Shipping carton (Brown) 305x305x305mm,,Each,Each,,305x305x305mm,14,25,0,,14,3.5,5.23,0.3,2026-03-18 12:00:00,,5
637,185,Shipping carton (Brown) 356x356x279mm,,Each,Each,,356x356x279mm,14,25,0,,14,2.04,3.05,0.3,2026-03-18 12:00:00,,5
638,186,Shipping carton (Brown) 457x457x457mm,,Each,Each,,457x457x457mm,14,25,0,,14,2.1,3.14,0.4,2026-03-18 12:00:00,,5
639,187,Express post box 5kg (White) 350x280x130mm,,Each,Each,,350x280x130mm,14,25,0,,14,0.95,1.42,0.2,2026-03-18 12:00:00,,5
640,188,3 kg Courier post bag (White) 300x190x95mm,,Each,Each,,300x190x95mm,14,25,0,,14,0.66,0.99,0.1,2026-03-18 12:00:00,,5
641,189,Clear packaging tape 48mmx75m,,Each,Each,,48mmx75m,14,26,0,,14,2.9,4.34,0.5,2026-03-18 12:00:00,,5
642,190,Clear packaging tape 48mmx100m,,Each,Each,,48mmx100m,14,20,0,,14,3.5,5.23,0.7,2026-03-18 12:00:00,,5
643,191,Black and orange fragile despatch tape 48mmx75m,,Each,Each,,48mmx75m,14,36,0,,14,3.7,5.53,0.5,2026-03-18 12:00:00,,5
644,192,Black and orange fragile despatch tape 48mmx100m,,Each,Each,,48mmx100m,14,36,0,,14,4.1,6.13,0.7,2026-03-18 12:00:00,,5
645,193,Black and orange glass with care despatch tape 48mmx75m,,Each,Each,,48mmx75m,14,24,0,,14,3.7,5.53,0.5,2026-03-18 12:00:00,,5
646,194,Black and orange glass with care despatch tape 48mmx100m,,Each,Each,,48mmx100m,14,24,0,,14,4.1,6.13,0.7,2026-03-18 12:00:00,,5
647,195,Black and orange handle with care despatch tape 48mmx75m,,Each,Each,,48mmx75m,14,24,0,,14,3.7,5.53,0.5,2026-03-18 12:00:00,,5
648,196,Black and orange handle with care despatch tape 48mmx100m,,Each,Each,,48mmx100m,14,24,0,,14,4.1,6.13,0.7,2026-03-18 12:00:00,,5
649,197,Black and orange this way up despatch tape 48mmx75m,,Each,Each,,48mmx75m,14,24,0,,14,3.7,5.53,0.5,2026-03-18 12:00:00,,5
650,198,Black and orange this way up despatch tape 48mmx100m,,Each,Each,,48mmx100m,14,24,0,,14,4.1,6.13,0.7,2026-03-18 12:00:00,,5
651,199,Black and yellow heavy despatch tape 48mmx75m,,Each,Each,,48mmx75m,14,24,0,,14,3.7,5.53,0.5,2026-03-18 12:00:00,,5
652,200,Black and yellow heavy despatch tape 48mmx100m,,Each,Each,,48mmx100m,14,24,0,,14,4.1,6.13,0.7,2026-03-18 12:00:00,,5
653,201,Red and white urgent despatch tape 48mmx75m,,Each,Each,,48mmx75m,14,24,0,,14,3.7,5.53,0.5,2026-03-18 12:00:00,,5
654,202,Red and white urgent heavy despatch tape 48mmx100m,,Each,Each,,48mmx100m,14,24,0,,14,4.1,6.13,0.7,2026-03-18 12:00:00,,5
655,203,Tape dispenser (Black),,Each,Each,,,20,10,0,,20,32,47.84,1,2026-03-18 12:00:00,,5
656,204,Tape dispenser (Red),,Each,Each,,,20,10,0,,20,32,47.84,1,2026-03-18 12:00:00,,5
657,205,Tape dispenser (Blue),,Each,Each,,,20,10,0,,20,32,47.84,1,2026-03-18 12:00:00,,5
658,206,Permanent marker black 5mm nib (Black) 5mm,,Each,Each,,5mm,14,12,0,,14,2.7,4.04,0.1,2026-03-18 12:00:00,,5
659,207,Permanent marker blue 5mm nib (Blue) 5mm,,Each,Each,,5mm,14,12,0,,14,2.7,4.04,0.1,2026-03-18 12:00:00,,5
660,208,Permanent marker red 5mm nib (Red) 5mm,,Each,Each,,5mm,14,12,0,,14,2.7,4.04,0.1,2026-03-18 12:00:00,,5
661,209,Packing knife with metal insert blade (Yellow) 9mm,,Each,Each,,9mm,14,5,0,,14,1.89,2.83,0.5,2026-03-18 12:00:00,,5
662,210,Packing knife with metal insert blade (Yellow) 18mm,,Each,Each,,18mm,14,5,0,,14,2.4,3.59,0.5,2026-03-18 12:00:00,,5
663,211,Small 9mm replacement blades 9mm,,Each,Each,,9mm,14,10,0,,14,4.1,6.13,0.7,2026-03-18 12:00:00,,5
664,212,Large replacement blades 18mm,,Each,Each,,18mm,14,10,0,,14,4.3,6.43,0.8,2026-03-18 12:00:00,,5
665,213,Air cushion film 200mmx100mm 325m,,Each,Each,,325m,14,1,0,,14,87,130.07,5,2026-03-18 12:00:00,,5
666,214,Air cushion film 200mmx200mm 325m,,Each,Each,,325m,14,1,0,,14,90,134.55,6,2026-03-18 12:00:00,,5
667,215,Air cushion machine (Blue),,Each,Each,,,20,1,0,,20,1899,2839.01,10,2026-03-18 12:00:00,,5
668,216,Void fill 100 L bag (White) 100L,,Each,Each,,100L,14,10,0,,14,12.5,18.69,0.25,2026-03-18 12:00:00,,5
669,217,Void fill 200 L bag (White) 200L,,Each,Each,,200L,14,10,0,,14,25,37.38,0.5,2026-03-18 12:00:00,,5
670,218,Void fill 300 L bag (White) 300L,,Each,Each,,300L,14,10,0,,14,37.5,56.06,0.75,2026-03-18 12:00:00,,5
671,219,Void fill 400 L bag (White) 400L,,Each,Each,,400L,14,10,0,,14,50,74.75,1,2026-03-18 12:00:00,,5
